,preocupaciones_first,preocupaciones_second,preocupaciones_third
0,5,1,9
1,1,15,
2,4,1,3
3,1,2,4
4,6,1,2
5,6,3,15
6,1,14,9
7,15,,
8,5,6,8
9,5,1,9
10,4,1,3
11,4,8,14
12,4,7,5
13,8,7,15
14,8,4,14
15,1,4,10
16,1,2,9
17,1,3,4
18,1,2,4
19,4,5,3
20,1,4,5
21,5,3,4
22,3,6,8
23,4,3,13
24,1,15,
25,5,3,15
26,13,5,15
27,1,5,4
28,15,,
29,4,1,15
30,3,13,4
31,3,4,5
32,1,4,5
33,1,4,5
34,1,5,4
35,1,4,11
36,1,2,11
37,1,2,11
38,4,3,2
39,1,3,4
40,4,3,1
41,1,4,3
42,4,15,
43,1,14,15
44,3,15,
45,1,13,15
46,3,4,13
47,1,4,3
48,1,3,5
49,1,2,4
50,3,15,
51,6,15,
52,4,15,
53,1,4,15
54,9,3,15
55,4,1,15
56,15,,
57,1,15,
58,1,15,
59,11,1,15
60,3,11,4
61,4,14,3
62,11,6,4
63,5,6,8
64,1,5,11
65,3,1,15
66,4,15,
67,15,,
68,1,11,4
69,4,3,8
70,15,,
71,1,15,
72,4,3,9
73,1,4,15
74,5,14,15
75,15,,
76,5,15,
77,1,2,4
78,1,2,4
79,1,4,2
80,1,4,9
81,1,5,6
82,1,5,15
83,3,4,14
84,6,14,15
85,14,8,15
86,5,9,14
87,3,4,1
88,7,3,11
89,14,15,
90,5,15,
91,1,4,2
92,4,9,15
93,1,2,3
94,4,7,9
95,2,4,3
96,1,15,
97,1,15,
98,1,15,
99,4,14,5
100,13,1,15
101,1,15,
102,5,15,
103,5,3,15
104,5,4,15
105,9,1,4
106,1,4,14
107,6,15,
108,5,14,2
109,15,,
110,14,15,
111,4,14,9
112,14,15,
113,3,14,5
114,1,15,
115,15,,
116,3,4,15
117,3,14,15
118,1,5,3
119,4,5,1
120,6,3,11
121,1,2,15
122,15,,
123,1,15,
124,4,5,1
125,4,1,15
126,1,15,
127,5,2,15
128,4,9,1
129,5,1,11
130,14,1,15
131,6,4,1
132,8,3,1
133,15,,
134,4,2,15
135,1,14,8
136,1,14,15
137,1,5,15
138,1,4,14
139,13,15,
140,3,4,6
141,15,,
142,3,6,14
143,4,3,11
144,1,4,5
145,1,13,3
146,1,13,3
147,1,13,4
148,1,13,3
149,13,3,4
150,3,4,5
151,3,2,1
152,4,1,5
153,4,3,9
154,1,9,4
155,4,3,8
156,4,8,1
157,1,4,5
158,4,15,
159,1,15,
160,4,15,
161,4,15,
162,3,4,15
163,4,15,
164,3,4,15
165,3,4,15
166,4,3,13
167,4,3,13
168,4,3,13
169,3,1,14
170,6,1,14
171,1,4,3
172,1,3,14
173,15,,
174,4,2,3
175,4,2,13
176,1,4,3
177,4,3,1
178,3,4,2
179,15,,
180,15,,
181,1,2,4
182,15,,
183,3,15,
184,14,15,
185,14,13,3
186,14,4,3
187,3,4,6
188,8,3,4
189,13,4,15
190,1,11,15
191,4,1,15
192,8,14,15
193,13,3,4
194,1,3,15
195,13,15,
196,13,15,
197,4,3,13
198,6,4,8
199,3,15,
200,4,9,13
201,9,3,10
202,4,1,13
203,13,1,15
204,1,14,6
205,1,4,6
206,1,4,14
207,1,14,15
208,4,14,15
209,6,1,15
210,1,2,3
211,5,2,3
212,1,2,5
213,5,3,2
214,3,9,15
215,2,4,14
216,8,14,2
217,15,,
218,15,,
219,1,6,15
220,1,3,4
221,1,11,15
222,6,5,15
223,5,6,15
224,6,4,15
225,8,4,14
226,6,15,
227,4,3,15
228,15,,
229,3,9,8
230,3,14,8
231,8,9,14
232,3,6,15
233,1,15,
234,1,15,
235,4,6,3
236,6,4,14
237,6,4,9
238,5,14,4
239,8,4,1
240,8,1,5
241,5,6,11
242,4,7,6
243,4,3,13
244,4,13,5
245,6,3,4
246,5,4,1
247,4,2,15
248,5,4,1
249,8,14,7
250,3,1,2
251,1,2,6
252,1,4,2
253,1,4,3
254,4,5,9
255,15,,
256,3,4,13
257,15,,
258,5,14,15
259,3,15,
260,4,14,15
261,9,8,15
262,9,13,14
263,3,4,5
264,3,4,5
265,3,4,5
266,3,5,1
267,3,4,9
268,4,3,9
269,3,4,9
270,3,4,7
271,5,7,2
272,1,9,3
273,1,4,3
274,3,4,1
275,5,13,1
276,1,3,4
277,3,4,9
278,9,4,3
279,4,13,14
280,4,14,15
281,1,15,
282,4,13,15
283,1,13,15
284,13,15,
285,1,13,15
286,6,7,15
287,3,6,4
288,3,4,6
289,3,6,14
290,3,4,15
291,1,6,3
292,5,1,10
293,3,4,5
294,3,5,13
295,4,3,14
296,3,5,4
297,4,1,14
298,8,9,1
299,14,9,4
300,13,1,14
301,4,3,14
302,6,4,14
303,6,8,4
304,1,4,15
305,4,3,1
306,3,7,15
307,14,1,15
308,3,7,15
309,1,2,13
310,1,13,3
311,1,3,4
312,1,3,11
313,1,3,4
314,1,4,15
315,11,1,13
316,1,15,
317,1,15,
318,4,13,15
319,4,9,3
320,3,4,9
321,3,4,9
322,3,4,1
323,3,9,4
324,1,2,11
325,1,2,15
326,1,2,15
327,4,3,1
328,1,2,8
329,3,4,7
330,4,13,3
331,4,11,8
332,4,3,11
333,3,6,13
334,4,3,5
335,3,5,11
336,4,8,9
337,2,4,5
338,1,4,8
339,1,5,4
340,13,2,4
341,13,2,4
342,1,3,13
343,1,4,3
344,1,4,5
345,1,6,14
346,1,4,3
347,15,,
348,3,4,6
349,3,4,5
350,6,7,14
351,15,,
352,15,,
353,15,,
354,1,3,7
355,3,4,14
356,3,4,9
357,2,4,5
358,5,1,15
359,4,1,3
360,3,4,9
361,6,3,9
362,1,3,5
363,1,3,9
364,4,1,3
365,1,3,4
366,1,3,9
367,1,4,3
368,3,1,4
369,9,1,3
370,14,6,15
371,1,2,15
372,15,,
373,3,1,15
374,1,3,9
375,1,6,4
376,4,3,15
377,4,3,13
378,1,4,3
379,4,3,9
380,9,4,14
381,1,4,9
382,9,3,10
383,1,3,6
384,3,4,9
385,3,9,4
386,8,15,
387,7,4,8
388,9,3,4
389,14,1,15
390,1,3,15
391,13,6,14
392,9,10,14
393,1,4,9
394,4,10,15
395,1,4,13
396,3,4,13
397,3,13,6
398,1,13,15
399,1,5,15
400,3,6,5
401,9,15,
402,1,15,
403,3,15,
404,4,15,
405,15,,
406,1,4,2
407,1,3,8
408,4,1,15
409,2,5,14
410,4,3,1
411,1,4,3
412,4,3,1
413,1,3,4
414,1,3,5
415,1,11,15
416,5,1,6
417,1,5,4
418,15,,
419,11,5,9
420,1,12,11
421,4,5,14
422,4,5,14
423,4,15,
424,3,4,15
425,3,4,15
426,15,,
427,3,15,
428,4,1,3
429,4,3,1
430,4,3,1
431,14,15,
432,4,3,14
433,4,1,15
434,3,9,4
435,3,15,
436,4,1,15
437,14,15,
438,4,3,5
439,5,6,14
440,3,6,14
441,15,,
442,3,4,6
443,4,3,15
444,8,1,15
445,3,8,14
446,1,4,3
447,1,4,15
448,13,3,6
449,7,13,8
450,15,,
451,13,3,7
452,1,3,15
453,3,6,1
454,3,4,15
455,1,11,3
456,3,11,15
457,4,11,3
458,1,15,
459,1,6,3
460,3,1,15
461,8,15,
462,4,6,9
463,7,4,6
464,4,9,14
465,3,9,14
466,1,4,6
467,4,15,
468,4,1,15
469,3,1,15
470,13,15,
471,3,15,
472,3,4,1
473,5,14,12
474,5,1,14
475,9,1,3
476,1,5,3
477,4,1,3
478,5,1,4
479,1,3,9
480,1,3,4
481,4,5,15
482,1,10,11
483,15,,
484,1,4,9
485,4,1,5
486,1,15,
487,4,8,9
488,1,4,13
489,3,8,4
490,9,10,1
491,1,5,14
492,4,3,5
493,9,15,
494,6,3,9
495,3,6,15
496,14,6,15
497,4,9,15
498,4,15,
499,5,4,15
500,14,15,
501,15,,
502,14,15,
503,14,4,5
504,8,4,15
505,1,3,4
506,1,3,4
507,1,5,3
508,1,5,4
509,5,1,4
510,1,3,4
511,3,5,4
512,4,6,11
513,1,4,2
514,5,4,12
515,3,9,8
516,4,8,7
517,4,3,11
518,15,,
519,3,4,2
520,4,15,
521,4,15,
522,15,,
523,4,15,
524,15,,
525,15,,
526,1,5,11
527,1,4,3
528,9,8,1
529,5,15,
530,3,1,15
531,3,15,
532,1,5,15
533,1,7,11
534,1,7,11
535,1,7,11
536,1,4,7
537,1,2,11
538,1,7,3
539,1,4,3
540,1,2,3
541,1,2,3
542,1,2,3
543,1,2,3
544,1,2,3
545,2,1,11
546,1,3,5
547,1,4,5
548,3,1,5
549,15,,
550,1,15,
551,15,,
552,15,,
553,2,15,
554,2,11,13
555,3,4,1
556,1,4,5
557,1,3,4
558,1,4,5
559,1,5,4
560,1,5,11
561,1,4,9
562,2,12,4
563,3,4,11
564,1,4,5
565,4,8,3
566,1,4,12
567,3,4,11
568,9,3,1
569,1,4,11
570,4,3,14
571,1,4,11
572,1,4,14
573,1,4,3
574,11,1,4
575,6,8,14
576,5,8,11
577,8,3,14
578,14,9,1
579,3,1,4
580,1,3,8
581,1,3,9
582,1,4,6
583,1,15,
584,3,4,1
585,4,1,5
586,3,4,2
587,4,2,3
588,1,4,11
589,1,2,11
590,1,4,3
591,1,2,4
592,15,,
593,3,4,15
594,15,,
595,1,2,15
596,4,3,2
597,2,4,6
598,4,3,14
599,3,4,14
600,3,4,14
601,3,11,4
602,4,5,3
603,4,3,11
604,4,3,11
605,4,11,3
606,3,4,1
607,3,1,5
608,1,4,14
609,1,3,15
610,1,5,15
611,1,5,13
612,3,6,1
613,1,2,3
614,1,2,3
615,3,1,2
616,1,2,3
617,2,1,3
618,3,4,1
619,1,2,4
620,1,2,4
621,2,15,
622,4,14,15
623,15,,
624,1,3,15
625,4,3,1
626,15,,
627,6,14,4
628,14,15,
629,3,4,2
630,2,4,8
631,1,3,7
632,1,3,4
633,1,3,4
634,4,1,5
635,5,3,4
636,3,2,15
637,1,2,3
638,1,2,3
639,1,2,4
640,1,2,3
641,1,3,4
642,1,3,4
643,1,2,3
644,1,4,9
645,1,4,3
646,1,3,4
647,1,3,4
648,4,3,1
649,1,4,3
650,3,15,
651,8,9,15
652,1,2,4
653,1,11,10
654,1,2,7
655,1,2,3
656,1,4,6
657,1,4,7
658,1,3,4
659,1,4,5
660,1,14,10
661,1,9,14
662,14,3,9
663,14,6,5
664,1,5,3
665,4,3,1
666,4,5,15
667,4,15,
668,3,4,1
669,13,3,15
670,4,14,2
671,3,15,
672,1,5,15
673,4,3,1
674,15,,
675,3,10,4
676,15,,
677,1,4,10
678,3,1,9
679,4,3,10
680,15,,
681,4,8,1
682,1,2,15
683,1,4,9
684,9,4,3
685,15,,
686,4,3,15
687,13,1,9
688,1,2,11
689,11,3,15
690,1,3,15
691,1,3,9
692,3,9,15
693,1,3,4
694,1,4,2
695,4,3,1
696,1,2,15
697,4,9,15
698,4,5,3
699,1,5,15
700,15,,
701,15,,
702,3,4,15
703,1,15,
704,15,,
705,4,3,15
706,11,3,15
707,3,9,15
708,15,,
709,4,11,13
710,14,4,1
711,4,1,15
712,15,,
713,2,1,5
714,1,4,3
715,1,5,2
716,1,4,9
717,4,3,8
718,4,6,14
719,3,4,6
720,15,,
721,4,3,13
722,4,3,9
723,3,4,2
724,4,3,2
725,1,11,14
726,1,5,4
727,1,3,5
728,4,2,5
729,1,4,3
730,1,3,5
731,1,4,9
732,1,3,9
733,4,3,1
734,1,4,5
735,1,4,5
736,1,4,5
737,1,4,5
738,1,5,4
739,1,3,4
740,1,3,7
741,1,3,15
742,1,2,13
743,1,13,2
744,4,13,2
745,13,4,1
746,15,,
747,14,15,
748,3,15,
749,3,15,
750,4,15,
751,4,1,15
752,6,4,3
753,8,9,1
754,4,3,11
755,4,9,8
756,14,15,
757,1,5,15
758,14,15,
759,4,1,3
760,4,1,3
761,4,1,11
762,4,1,15
763,3,4,9
764,3,4,9
765,3,4,14
766,1,9,3
767,1,4,3
768,1,2,4
769,1,3,4
770,1,4,8
771,1,15,
772,3,1,15
773,15,,
774,1,15,
775,1,9,15
776,9,15,
777,3,4,15
778,1,5,3
779,5,4,1
780,3,4,14
781,6,1,4
782,15,,
783,5,1,15
784,6,13,1
785,15,,
786,1,15,
787,15,,
788,1,2,15
789,3,1,15
790,4,6,14
791,1,5,4
792,1,2,14
793,1,9,2
794,3,5,1
795,6,3,1
796,10,9,6
797,1,2,15
798,1,15,
799,1,7,9
800,1,3,5
801,1,3,4
802,1,3,11
803,1,11,9
804,1,3,4
805,1,2,9
806,1,3,5
807,1,3,9
808,1,4,5
809,4,1,15
810,1,4,15
811,1,3,4
812,1,3,4
813,1,3,4
814,1,6,3
815,1,5,4
816,1,3,4
817,1,2,4
818,2,1,4
819,15,,
820,3,1,4
821,1,4,7
822,1,7,5
823,1,4,7
824,1,4,3
825,1,7,5
826,1,7,11
827,1,4,3
828,3,1,11
829,4,6,1
830,15,,
831,4,1,11
832,1,4,11
833,7,1,4
834,1,4,5
835,1,4,9
836,1,4,3
837,1,2,4
838,1,4,3
839,1,4,5
840,1,2,5
841,1,5,11
842,1,2,4
843,1,2,3
844,1,2,3
845,1,2,3
846,1,2,3
847,3,4,1
848,3,4,2
849,1,4,3
850,3,4,5
851,1,2,4
852,15,,
853,15,,
854,15,,
855,15,,
856,15,,
857,5,11,1
858,8,14,11
859,4,3,8
860,8,3,7
861,3,8,14
862,11,3,4
863,3,1,15
864,3,4,15
865,1,3,5
866,1,4,13
867,1,4,3
868,1,4,3
869,1,4,3
870,15,,
871,1,3,4
872,1,9,11
873,1,2,3
874,1,4,11
875,1,2,11
876,1,2,8
877,1,11,2
878,1,4,2
879,1,2,7
880,3,4,11
881,3,4,9
882,4,3,11
883,4,3,11
884,4,3,11
885,1,11,3
886,1,3,9
887,1,3,11
888,1,4,3
889,1,3,2
890,1,2,3
891,1,3,4
892,1,13,15
893,15,,
894,15,,
895,15,,
896,1,15,
897,3,1,15
898,4,5,3
899,1,2,4
900,15,,
901,2,1,4
902,3,1,2
903,1,2,3
904,1,2,11
905,1,2,3
906,1,2,3
907,1,2,3
908,4,1,5
909,1,14,5
910,1,5,14
911,4,1,14
912,1,4,15
913,3,1,11
914,1,3,4
915,4,5,9
916,1,2,4
917,4,1,5
918,1,3,4
919,3,2,15
920,2,4,3
921,13,15,
922,13,15,
923,14,15,
924,1,2,5
925,1,2,5
926,3,4,15
927,1,11,3
928,3,4,11
929,3,9,11
930,1,4,5
931,1,15,
932,1,2,4
933,2,4,3
934,4,2,11
935,1,4,3
936,1,4,3
937,2,3,4
938,3,6,4
939,6,14,15
940,2,4,3
941,1,13,4
942,2,1,15
943,1,4,9
944,3,9,13
945,4,3,9
946,3,9,4
947,9,4,5
948,5,4,3
949,2,4,1
950,11,3,9
951,4,3,2
952,4,3,8
953,1,4,3
954,1,9,4
955,1,3,13
956,1,9,3
957,1,2,3
958,4,3,8
959,1,4,3
960,1,2,4
961,1,4,3
962,1,4,3
963,1,2,3
964,1,2,4
965,5,2,1
966,1,3,4
967,1,2,15
968,2,15,
969,1,3,4
970,1,3,12
971,1,3,4
972,1,3,9
973,1,5,13
974,1,3,14
975,3,13,5
976,4,3,1
977,3,1,4
978,1,3,4
979,1,3,7
980,1,2,3
981,1,2,8
982,1,3,4
983,1,4,5
984,3,4,15
985,1,3,2
986,1,13,15
987,15,,
988,3,14,4
989,1,15,
990,9,14,15
991,1,3,14
992,3,1,4
993,1,3,4
994,5,1,3
995,1,4,3
996,3,1,4
997,1,4,9
998,1,3,9
999,1,4,13
1000,4,1,9
1001,1,3,9
1002,4,9,1
1003,1,3,9
1004,1,7,15
1005,1,4,15
1006,1,4,15
1007,1,15,
1008,1,4,15
1009,1,4,15
1010,1,15,
1011,1,15,
1012,1,15,
1013,7,6,1
1014,4,3,15
1015,1,4,13
1016,4,15,
1017,8,15,
1018,1,9,5
1019,3,4,1
1020,4,1,15
1021,4,5,15
1022,4,3,11
1023,1,11,14
1024,1,4,5
1025,4,5,1
1026,1,6,4
1027,13,4,6
1028,3,6,4
1029,8,9,3
1030,1,4,2
1031,1,3,2
1032,1,2,3
1033,1,2,3
1034,1,2,3
1035,1,2,3
1036,1,15,
1037,3,1,4
1038,1,2,4
1039,1,4,8
1040,1,2,4
1041,1,15,
1042,1,7,8
1043,4,1,9
1044,1,3,4
1045,1,3,4
1046,1,4,3
1047,1,3,4
1048,1,3,4
1049,1,3,4
1050,1,3,4
1051,1,3,4
1052,3,1,5
1053,1,4,5
1054,1,4,5
1055,4,1,3
1056,3,1,4
1057,4,1,3
1058,4,1,3
1059,1,4,9
1060,1,3,4
1061,1,2,4
1062,1,2,3
1063,1,3,6
1064,1,4,9
1065,14,3,15
1066,15,,
1067,9,14,15
1068,1,4,13
1069,15,,
1070,1,5,15
1071,13,15,
1072,4,13,1
1073,6,8,14
1074,14,4,9
1075,14,8,9
1076,8,9,14
1077,9,8,1
1078,14,15,
1079,3,4,14
1080,4,14,15
1081,4,1,15
1082,4,3,9
1083,9,14,15
1084,15,,
1085,14,9,3
1086,3,13,15
1087,9,15,
1088,3,9,15
1089,5,3,15
1090,3,1,11
1091,4,13,3
1092,13,1,4
1093,3,1,15
1094,4,3,15
1095,15,,
1096,10,15,
1097,4,6,1
1098,13,1,3
1099,1,4,14
1100,4,13,3
1101,1,4,13
1102,9,1,10
1103,4,6,1
1104,1,2,3
1105,3,4,1
1106,3,4,1
1107,4,1,3
1108,5,1,6
1109,4,3,9
1110,1,3,9
1111,6,1,3
1112,1,4,3
1113,1,14,3
1114,15,,
1115,15,,
1116,3,8,4
1117,1,2,13
1118,1,3,4
1119,1,3,4
1120,1,2,4
1121,1,4,11
1122,1,4,3
1123,1,3,11
1124,1,4,9
1125,1,3,4
1126,9,3,4
1127,1,4,3
1128,1,3,4
1129,4,3,8
1130,3,1,4
1131,4,15,
1132,5,3,15
1133,1,3,4
1134,3,4,13
1135,1,4,3
1136,8,3,4
1137,1,3,4
1138,1,9,3
1139,4,3,15
1140,4,15,
1141,1,2,3
1142,1,2,3
1143,4,3,1
1144,1,4,3
1145,3,4,10
1146,11,1,3
1147,4,8,1
1148,4,9,15
1149,4,3,14
1150,4,8,14
1151,15,,
1152,3,4,15
1153,3,15,
1154,1,4,9
1155,4,15,
1156,14,4,15
1157,15,,
1158,13,9,3
1159,9,14,15
1160,3,14,9
1161,8,3,1
1162,3,4,15
1163,3,13,4
1164,3,6,1
1165,1,8,13
1166,1,4,13
1167,3,1,9
1168,4,3,1
1169,4,13,3
1170,3,4,1
1171,4,3,11
1172,4,11,3
1173,1,3,13
1174,3,8,13
1175,3,1,13
1176,3,13,6
1177,4,1,2
1178,1,4,15
1179,1,4,15
1180,1,4,14
1181,4,15,
1182,14,6,13
1183,4,3,13
1184,3,1,13
1185,1,4,6
1186,5,13,4
1187,4,1,13
1188,14,15,
1189,14,1,4
1190,13,3,4
1191,8,15,
1192,4,13,1
1193,3,4,8
1194,7,3,5
1195,3,4,10
1196,10,4,7
1197,3,15,
1198,1,15,
1199,3,1,15
1200,3,9,15
1201,14,9,15
1202,3,1,13
1203,4,8,3
1204,4,3,1
1205,4,3,1
1206,8,9,1
1207,4,3,14
1208,1,3,4
1209,3,1,4
1210,5,15,
1211,14,5,1
1212,1,15,
1213,13,3,8
1214,4,13,15
1215,14,15,
1216,3,9,15
1217,1,2,3
1218,1,15,
1219,4,3,1
1220,1,4,6
1221,3,4,5
1222,4,9,13
1223,4,15,
1224,4,1,2
1225,4,3,9
1226,1,4,5
1227,1,4,5
1228,4,5,9
1229,1,4,3
1230,1,4,3
1231,1,13,9
1232,1,9,12
1233,1,9,4
1234,2,1,11
1235,1,8,9
1236,1,2,4
1237,1,2,4
1238,1,3,4
1239,1,2,15
1240,1,3,14
1241,4,1,9
1242,4,1,5
1243,4,1,5
1244,1,2,5
1245,14,1,15
1246,1,4,14
1247,3,4,11
1248,14,11,6
1249,4,3,8
1250,3,8,9
1251,6,4,3
1252,1,3,4
1253,1,2,7
1254,1,8,3
1255,15,,
1256,1,4,2
1257,1,11,15
1258,1,4,15
1259,15,,
1260,4,1,15
1261,1,13,4
1262,4,1,3
1263,7,1,15
1264,1,5,15
1265,1,5,7
1266,4,1,11
1267,1,5,4
1268,15,,
1269,1,5,4
1270,4,1,2
1271,4,1,3
1272,5,1,4
1273,4,1,2
1274,4,3,1
1275,1,3,5
1276,4,5,1
1277,2,1,6
1278,1,6,4
1279,1,6,4
1280,2,4,6
1281,2,3,9
1282,2,4,3
1283,1,2,4
1284,5,1,14
1285,1,5,13
1286,1,12,13
1287,1,9,5
1288,1,2,13
1289,1,3,4
1290,1,4,2
1291,1,2,4
1292,1,15,
1293,13,8,14
1294,4,1,14
1295,7,8,14
1296,11,7,14
1297,4,1,7
1298,1,4,7
1299,1,3,5
1300,5,4,7
1301,1,3,10
1302,1,4,8
1303,1,4,12
1304,1,2,5
1305,1,5,14
1306,1,2,14
1307,1,2,5
1308,1,3,4
1309,1,3,4
1310,3,4,2
1311,1,11,2
1312,1,4,2
1313,4,2,3
1314,2,3,4
1315,15,,
1316,1,2,4
1317,6,15,
1318,4,3,15
1319,1,2,15
1320,1,4,9
1321,3,4,14
1322,3,4,1
1323,1,4,3
1324,1,4,7
1325,4,3,1
1326,1,2,3
1327,1,2,3
1328,1,2,3
1329,1,2,3
1330,1,2,3
1331,1,2,4
1332,4,11,15
1333,15,,
1334,15,,
1335,15,,
1336,15,,
1337,1,4,3
1338,1,4,3
1339,1,4,3
1340,1,3,4
1341,1,3,14
1342,1,3,4
1343,1,3,14
1344,3,1,4
1345,1,4,3
1346,1,4,3
1347,4,3,11
1348,15,,
1349,15,,
1350,15,,
1351,9,15,
1352,4,3,15
1353,1,3,4
1354,1,4,15
1355,1,4,15
1356,1,4,15
1357,1,6,15
1358,1,9,4
1359,3,4,9
1360,1,4,9
1361,15,,
1362,13,15,
1363,3,1,15
1364,4,3,13
1365,4,3,13
1366,4,3,13
1367,4,14,15
1368,4,14,15
1369,4,14,15
1370,14,15,
1371,1,4,3
1372,3,4,1
1373,9,6,4
1374,1,4,6
1375,6,3,4
1376,1,4,3
1377,4,9,11
1378,9,11,14
1379,1,3,2
1380,1,4,7
1381,1,4,15
1382,15,,
1383,5,4,3
1384,1,7,15
1385,1,15,
1386,3,1,4
1387,1,4,3
1388,4,5,2
1389,6,8,3
1390,7,4,9
1391,4,6,5
1392,1,5,3
1393,1,4,15
1394,1,2,4
1395,3,4,9
1396,15,,
1397,1,3,13
1398,1,3,13
1399,1,3,2
1400,1,4,3
1401,3,1,4
1402,1,4,3
1403,1,4,9
1404,1,3,4
1405,1,8,4
1406,3,1,4
1407,4,3,13
1408,13,4,3
1409,14,7,2
1410,13,3,4
1411,14,15,
1412,1,4,13
1413,13,4,14
1414,4,3,7
1415,4,6,8
1416,3,4,14
1417,3,8,14
1418,1,3,4
1419,1,3,4
1420,1,3,4
1421,1,3,4
1422,1,3,4
1423,1,3,4
1424,6,15,
1425,3,4,15
1426,3,1,15
1427,1,4,3
1428,1,3,15
1429,1,4,15
1430,4,3,1
1431,3,4,1
1432,4,1,3
1433,4,3,15
1434,4,3,1
1435,9,1,4
1436,5,4,15
1437,4,15,
1438,15,,
1439,1,3,9
1440,1,9,4
1441,1,9,15
1442,1,3,9
1443,3,4,15
1444,1,4,15
1445,1,5,15
1446,1,2,15
1447,1,4,3
1448,3,1,2
1449,1,3,4
1450,1,2,3
1451,1,2,3
1452,1,4,6
1453,2,3,5
1454,1,4,5
1455,4,1,6
1456,1,4,3
1457,1,2,4
1458,1,2,4
1459,1,2,4
1460,4,1,9
1461,1,2,8
1462,2,1,4
1463,1,3,2
1464,1,3,7
1465,1,2,3
1466,1,2,3
1467,1,2,4
1468,1,2,4
1469,1,2,4
1470,3,6,8
1471,4,3,11
1472,3,6,4
1473,15,,
1474,9,15,
1475,1,3,4
1476,4,1,3
1477,3,1,4
1478,4,3,13
1479,3,1,4
1480,1,3,4
1481,1,4,3
1482,1,2,4
1483,3,1,4
1484,1,3,4
1485,4,1,5
1486,1,3,4
1487,1,3,6
1488,1,5,7
1489,1,4,3
1490,1,4,2
1491,1,5,4
1492,1,4,5
1493,1,4,3
1494,1,2,4
1495,1,4,13
1496,1,2,9
1497,4,13,3
1498,13,6,1
1499,13,9,4
1500,4,9,3
1501,1,10,11
1502,3,4,6
1503,1,2,11
1504,3,1,4
1505,1,2,4
1506,1,2,5
1507,1,5,2
1508,1,3,4
1509,1,5,14
1510,1,3,4
1511,4,3,14
1512,1,3,4
1513,1,15,
1514,1,3,14
1515,1,4,3
1516,1,2,5
1517,1,2,4
1518,1,5,4
1519,1,2,4
1520,4,5,14
1521,13,11,3
1522,13,15,
1523,3,15,
1524,3,4,14
1525,3,4,6
1526,4,3,15
1527,8,9,6
1528,15,,
1529,4,3,6
1530,14,4,15
1531,3,6,15
1532,1,4,15
1533,13,5,9
1534,1,4,5
1535,3,4,8
1536,3,13,15
1537,3,4,6
1538,3,1,5
1539,1,3,4
1540,3,4,1
1541,5,11,4
1542,1,4,2
1543,1,2,10
1544,1,2,10
1545,1,2,13
1546,1,2,13
1547,1,2,13
1548,1,2,13
1549,1,2,13
1550,1,2,11
1551,1,2,4
1552,1,2,9
1553,15,,
1554,15,,
1555,14,6,3
1556,3,1,4
1557,1,2,5
1558,1,9,15
1559,1,4,3
1560,4,3,1
1561,1,3,4
1562,1,3,2
1563,1,3,8
1564,1,3,8
1565,1,11,4
1566,4,5,1
1567,3,1,13
1568,1,5,13
1569,13,15,
1570,1,4,13
1571,2,4,9
1572,1,4,3
1573,1,4,5
1574,1,7,4
1575,1,3,5
1576,3,5,1
1577,3,4,15
1578,4,5,1
1579,8,4,3
1580,8,3,15
1581,9,15,
1582,7,15,
1583,3,1,4
1584,3,1,4
1585,1,14,5
1586,15,,
1587,1,4,14
1588,3,14,13
1589,14,4,13
1590,4,14,8
1591,4,9,3
1592,4,3,9
1593,13,1,4
1594,1,4,3
1595,13,1,2
1596,1,4,13
1597,1,4,3
1598,3,4,9
1599,4,1,3
1600,3,4,10
1601,9,4,3
1602,3,8,4
1603,2,4,3
1604,9,4,3
1605,1,2,15
1606,1,4,11
1607,15,,
1608,14,9,15
1609,13,4,14
1610,3,14,15
1611,1,4,15
1612,13,4,15
1613,4,1,5
1614,13,3,15
1615,1,4,15
1616,3,1,15
1617,11,1,6
1618,3,1,4
1619,4,15,
1620,4,3,15
1621,15,,
1622,3,13,4
1623,14,8,11
1624,13,1,4
1625,3,1,4
1626,13,15,
1627,9,4,3
1628,1,5,15
1629,4,3,1
1630,1,15,
1631,3,4,15
1632,3,6,13
1633,9,6,15
1634,1,6,14
1635,8,3,4
1636,6,14,4
1637,13,9,15
1638,4,15,
1639,14,15,
1640,3,4,15
1641,3,13,15
1642,3,13,15
1643,14,9,1
1644,1,5,3
1645,1,15,
1646,13,1,4
1647,1,3,15
1648,3,15,
1649,13,1,15
1650,7,3,15
1651,4,13,15
1652,1,11,14
1653,1,5,12
1654,1,4,11
1655,1,4,11
1656,1,3,5
1657,4,1,2
1658,1,2,3
1659,1,2,3
1660,1,2,3
1661,1,3,2
1662,9,6,1
1663,2,1,15
1664,1,15,
1665,3,4,11
1666,4,6,14
1667,1,4,6
1668,1,7,6
1669,1,13,2
1670,1,13,6
1671,1,13,6
1672,1,13,6
1673,15,,
1674,15,,
1675,4,6,3
1676,1,4,3
1677,15,,
1678,4,3,7
1679,1,4,3
1680,4,8,14
1681,8,3,14
1682,4,8,14
1683,1,2,15
1684,9,1,2
1685,1,14,3
1686,1,15,
1687,1,3,4
1688,1,4,6
1689,1,3,4
1690,1,4,2
1691,3,4,6
1692,1,4,10
1693,2,1,3
1694,1,11,5
1695,1,3,4
1696,1,5,11
1697,1,3,4
1698,1,3,4
1699,1,3,7
1700,1,2,10
1701,1,2,9
1702,1,9,3
1703,1,4,3
1704,3,1,7
1705,1,7,4
1706,1,2,3
1707,1,2,3
1708,1,2,3
1709,1,2,3
1710,4,15,
1711,4,1,15
1712,15,,
1713,4,15,
1714,9,1,4
1715,6,1,14
1716,2,1,14
1717,1,4,15
1718,1,6,4
1719,3,4,6
1720,1,2,10
1721,1,4,3
1722,1,2,4
1723,4,1,2
1724,3,1,2
1725,1,11,2
1726,1,4,2
1727,15,,
1728,1,4,3
1729,3,4,15
1730,4,3,1
1731,15,,
1732,3,4,13
1733,1,3,4
1734,1,3,4
1735,1,15,
1736,7,1,15
1737,8,10,9
1738,2,4,15
1739,3,4,15
1740,3,4,15
1741,3,4,11
1742,4,1,3
1743,15,,
1744,1,4,5
1745,1,4,9
1746,4,1,5
1747,1,4,14
1748,1,9,14
1749,1,4,3
1750,1,4,11
1751,15,,
1752,1,3,11
1753,15,,
1754,4,3,13
1755,3,13,14
1756,15,,
1757,1,3,13
1758,1,4,3
1759,1,13,11
1760,1,4,2
1761,1,2,4
1762,1,15,
1763,1,4,3
1764,1,3,13
1765,4,6,1
1766,4,1,3
1767,4,1,13
1768,3,4,6
1769,3,4,1
1770,3,4,9
1771,3,4,11
1772,3,4,9
1773,4,3,11
1774,1,2,3
1775,6,4,2
1776,1,2,3
1777,4,6,2
1778,1,2,7
1779,4,9,3
1780,1,2,14
1781,1,2,4
1782,1,11,5
1783,1,5,4
1784,1,4,5
1785,1,4,5
1786,1,2,14
1787,1,6,4
1788,1,2,15
1789,1,2,3
1790,1,2,4
1791,1,2,4
1792,1,2,15
1793,1,3,2
1794,1,2,11
1795,1,2,3
1796,1,2,15
1797,1,2,15
1798,1,3,4
1799,1,4,10
1800,1,2,7
1801,1,3,4
1802,1,4,3
1803,1,4,3
1804,1,3,4
1805,1,3,4
1806,3,1,4
1807,1,3,13
1808,1,9,12
1809,1,4,3
1810,3,2,8
1811,2,5,9
1812,1,2,4
1813,1,2,3
1814,1,2,15
1815,1,2,5
1816,1,3,9
1817,1,3,4
1818,1,4,9
1819,1,3,2
1820,1,3,2
1821,1,3,15
1822,1,2,3
1823,1,2,3
1824,1,2,3
1825,1,2,7
1826,1,4,11
1827,1,3,8
1828,6,2,8
1829,1,9,4
1830,1,4,7
1831,1,8,12
1832,1,4,9
1833,3,4,13
1834,4,3,2
1835,1,2,15
1836,3,4,5
1837,1,2,3
1838,3,4,6
1839,1,3,6
1840,1,6,3
1841,4,10,1
1842,2,3,4
1843,1,4,3
1844,1,3,4
1845,1,3,4
1846,3,1,4
1847,3,4,1
1848,3,1,4
1849,1,4,3
1850,3,4,9
1851,1,3,9
1852,3,1,15
1853,1,3,9
1854,4,9,1
1855,1,3,5
1856,1,4,5
1857,1,3,5
1858,1,3,4
1859,1,2,4
1860,1,3,14
1861,1,2,4
1862,1,3,4
1863,1,4,11
1864,1,3,5
1865,1,4,3
1866,1,2,15
1867,4,3,1
1868,1,9,2
1869,1,2,15
1870,1,4,9
1871,1,4,3
1872,4,3,8
1873,1,7,14
1874,8,1,14
1875,4,7,14
1876,14,3,4
1877,15,,
1878,15,,
1879,15,,
1880,15,,
1881,1,3,4
1882,7,9,3
1883,1,2,15
1884,11,4,9
1885,5,1,14
1886,3,9,11
1887,15,,
1888,15,,
1889,15,,
1890,15,,
1891,15,,
1892,1,3,4
1893,1,4,3
1894,2,11,1
1895,1,5,4
1896,1,4,6
1897,1,2,3
1898,1,2,3
1899,1,2,3
1900,1,2,3
1901,1,2,3
1902,15,,
1903,15,,
1904,15,,
1905,1,3,4
1906,3,4,14
1907,1,3,13
1908,1,3,13
1909,1,3,13
1910,1,4,11
1911,3,6,14
1912,4,6,14
1913,3,4,14
1914,7,3,4
1915,15,,
1916,1,2,4
1917,4,3,13
1918,1,3,2
1919,4,1,2
1920,1,2,4
1921,1,2,4
1922,1,3,4
1923,1,2,8
1924,3,1,4
1925,1,4,11
1926,1,2,4
1927,1,2,14
1928,5,4,1
1929,14,1,4
1930,1,4,5
1931,1,2,15
1932,1,2,4
1933,1,2,4
1934,1,4,3
1935,4,1,3
1936,15,,
1937,1,2,3
1938,1,2,15
1939,1,2,4
1940,4,1,2
1941,15,,
1942,1,2,4
1943,1,2,15
1944,3,4,11
1945,3,4,9
1946,5,4,1
1947,1,4,9
1948,1,2,4
1949,1,4,3
1950,1,4,5
1951,1,4,3
1952,3,4,10
1953,1,2,5
1954,1,2,6
1955,1,3,4
1956,1,3,4
1957,1,3,4
1958,1,3,4
1959,1,3,4
1960,1,4,2
1961,1,4,6
1962,1,4,6
1963,1,4,6
1964,1,2,4
1965,1,2,4
1966,1,2,3
1967,1,2,3
1968,1,4,14
1969,1,2,3
1970,1,4,13
1971,1,4,3
1972,1,4,3
1973,1,5,7
1974,1,2,3
1975,1,2,3
1976,1,2,3
1977,1,2,3
1978,1,2,3
1979,3,4,15
1980,2,4,5
1981,14,1,15
1982,15,,
1983,1,3,4
1984,15,,
1985,15,,
1986,15,,
1987,15,,
1988,1,2,15
1989,1,4,5
1990,1,4,3
1991,1,4,3
1992,1,4,3
1993,1,2,3
1994,1,2,3
1995,2,1,4
1996,1,2,3
1997,1,2,3
1998,1,2,4
1999,1,4,11
2000,1,4,14
2001,1,2,14
2002,3,4,1
2003,4,3,1
2004,4,9,1
2005,3,4,11
2006,1,3,4
2007,3,4,1
2008,4,3,15
2009,3,6,7
2010,3,1,13
2011,1,13,15
2012,1,13,15
2013,1,13,15
2014,1,13,3
2015,1,9,14
2016,1,9,8
2017,4,1,14
2018,1,2,4
2019,1,2,14
2020,1,2,3
2021,1,4,3
2022,1,4,3
2023,1,4,13
2024,3,9,5
2025,4,3,1
2026,4,3,13
2027,4,3,13
2028,3,4,13
2029,1,4,3
2030,4,3,11
2031,1,3,11
2032,1,3,11
2033,1,4,3
2034,1,5,3
2035,1,3,4
2036,1,3,4
2037,1,3,4
2038,1,4,3
2039,7,15,
2040,1,4,9
2041,4,3,15
2042,1,15,
2043,1,3,11
2044,1,5,11
2045,1,3,2
2046,1,2,5
2047,1,5,3
2048,1,3,4
2049,3,4,11
2050,3,11,1
2051,4,3,9
2052,1,6,3
2053,11,4,9
2054,15,,
2055,2,4,1
2056,1,2,4
2057,1,2,3
2058,3,4,15
2059,1,6,4
2060,1,3,6
2061,2,1,4
2062,3,1,9
2063,14,6,8
2064,1,4,5
2065,15,,
2066,13,15,
2067,1,15,
2068,3,13,2
2069,4,2,1
2070,1,5,4
2071,1,4,3
2072,1,2,3
2073,15,,
2074,15,,
2075,15,,
2076,15,,
2077,13,15,
2078,15,,
2079,1,15,
2080,4,15,
2081,4,15,
2082,1,4,2
2083,3,14,1
2084,1,4,2
2085,1,4,14
2086,1,4,2
2087,3,1,14
2088,4,6,13
2089,1,3,4
2090,1,4,3
2091,1,3,4
2092,1,4,6
2093,1,14,2
2094,1,2,4
2095,3,1,4
2096,3,1,4
2097,8,4,14
2098,14,4,8
2099,4,6,8
2100,4,6,3
2101,8,4,3
2102,1,4,13
2103,1,4,13
2104,1,3,4
2105,1,9,3
2106,1,5,4
2107,6,9,14
2108,1,6,3
2109,1,14,3
2110,14,9,3
2111,15,,
2112,1,4,3
2113,1,4,3
2114,4,1,3
2115,1,12,3
2116,1,3,4
2117,1,11,3
2118,1,14,11
2119,14,11,2
2120,1,7,15
2121,14,1,13
2122,1,13,2
2123,13,15,
2124,3,13,1
2125,3,4,11
2126,4,3,10
2127,3,4,9
2128,1,15,
2129,3,5,1
2130,1,4,9
2131,2,1,4
2132,1,3,4
2133,3,2,1
2134,1,4,9
2135,4,7,6
2136,15,,
2137,15,,
2138,15,,
2139,15,,
2140,1,2,3
2141,1,2,3
2142,1,2,3
2143,1,2,3
2144,1,2,3
2145,1,3,14
2146,1,4,3
2147,1,3,4
2148,4,1,3
2149,4,1,3
2150,1,4,3
2151,1,4,3
2152,13,1,4
2153,1,3,13
2154,11,13,1
2155,1,4,11
2156,4,6,3
2157,4,3,14
2158,4,3,15
2159,4,1,6
2160,13,4,3
2161,1,4,3
2162,1,3,4
2163,1,4,3
2164,1,7,3
2165,4,3,1
2166,4,1,3
2167,3,4,2
2168,3,4,1
2169,3,4,1
2170,1,4,10
2171,15,,
2172,15,,
2173,3,10,15
2174,1,2,4
2175,1,4,5
2176,1,2,4
2177,4,1,2
2178,1,4,2
2179,4,2,14
2180,1,3,15
2181,1,4,3
2182,1,3,4
2183,1,3,5
2184,1,3,4
2185,1,3,4
2186,1,3,13
2187,4,1,9
2188,1,3,4
2189,1,3,4
2190,1,4,14
2191,1,4,5
2192,1,4,3
2193,4,1,15
2194,4,3,1
2195,4,1,15
2196,15,,
2197,1,4,3
2198,1,3,4
2199,1,3,4
2200,1,3,4
2201,1,3,2
2202,3,1,4
2203,13,3,4
2204,3,4,13
2205,3,9,4
2206,2,9,3
2207,3,1,9
2208,1,5,9
2209,1,3,9
2210,1,3,9
2211,3,6,4
2212,4,5,8
2213,1,4,15
2214,1,3,4
2215,1,4,3
2216,1,7,15
2217,3,4,6
2218,6,15,
2219,9,1,15
2220,3,4,1
2221,4,1,2
2222,1,10,14
2223,1,4,10
2224,1,4,3
2225,1,4,3
2226,4,3,1
2227,2,4,3
2228,4,3,5
2229,15,,
2230,3,4,1
2231,15,,
2232,15,,
2233,4,15,
2234,1,3,4
2235,3,1,4
2236,1,4,3
2237,1,3,4
2238,1,3,4
2239,1,3,6
2240,1,4,5
2241,1,2,4
2242,1,2,4
2243,1,3,4
2244,1,2,3
2245,1,4,2
2246,1,2,11
2247,1,2,11
2248,1,4,3
2249,1,3,4
2250,1,2,3
2251,1,3,4
2252,13,4,11
2253,15,,
2254,4,5,3
2255,1,4,3
2256,3,1,12
2257,1,3,9
2258,3,4,14
2259,3,14,4
2260,15,,
2261,3,6,9
2262,3,4,1
2263,3,4,1
2264,3,4,1
2265,3,4,1
2266,1,3,5
2267,1,4,5
2268,1,2,13
2269,3,4,11
2270,1,3,8
2271,1,3,13
2272,1,3,11
2273,1,3,4
2274,2,4,15
2275,3,1,15
2276,4,1,15
2277,1,15,
2278,4,1,3
2279,6,3,4
2280,3,4,7
2281,3,7,4
2282,3,15,
2283,1,15,
2284,1,3,15
2285,3,6,15
2286,15,,
2287,6,1,15
2288,3,1,15
2289,1,3,4
2290,4,2,15
2291,1,4,3
2292,3,4,14
2293,14,3,4
2294,4,3,13
2295,1,4,3
2296,1,3,4
2297,1,3,4
2298,1,3,4
2299,1,3,4
2300,1,3,4
2301,1,4,3
2302,1,2,3
2303,1,2,4
2304,1,4,5
2305,3,4,9
2306,1,4,5
2307,4,5,9
2308,1,3,4
2309,15,,
2310,15,,
2311,3,5,15
2312,14,15,
2313,4,5,14
2314,4,9,15
2315,1,3,5
2316,4,3,10
2317,13,4,1
2318,1,3,2
2319,1,5,4
2320,1,7,4
2321,1,2,4
2322,1,2,3
2323,1,2,3
2324,1,2,4
2325,1,11,4
2326,1,2,3
2327,14,15,
2328,6,3,15
2329,3,15,
2330,15,,
2331,1,3,5
2332,3,1,15
2333,15,,
2334,1,5,4
2335,1,3,4
2336,1,4,5
2337,1,5,15
2338,4,14,13
2339,15,,
2340,1,2,3
2341,4,1,15
2342,14,1,15
2343,1,2,4
2344,1,4,2
2345,1,3,4
2346,1,2,4
2347,1,2,4
2348,1,2,4
2349,1,2,3
2350,1,2,4
2351,1,2,4
2352,1,2,4
2353,1,2,4
2354,1,2,5
2355,1,2,4
2356,1,4,2
2357,4,15,
2358,1,4,15
2359,14,4,15
2360,15,,
2361,4,3,15
2362,4,11,15
2363,4,9,15
2364,9,15,
2365,4,13,15
2366,14,4,3
2367,3,4,14
2368,9,15,
2369,1,2,14
2370,9,8,4
2371,6,5,4
2372,4,3,15
2373,11,4,15
2374,4,3,11
2375,4,3,1
2376,4,13,5
2377,5,4,13
2378,4,5,1
2379,4,13,1
2380,3,14,7
2381,6,4,1
2382,3,8,4
2383,4,6,13
2384,14,9,2
2385,1,3,9
2386,2,4,3
2387,3,5,1
2388,14,1,4
2389,4,15,
2390,4,5,1
2391,1,3,6
2392,9,3,6
2393,3,4,15
2394,1,6,15
2395,4,2,3
2396,13,4,15
2397,6,1,9
2398,4,3,14
2399,1,5,13
2400,4,1,2
2401,1,3,4
2402,1,3,4
2403,3,4,6
2404,6,14,3
2405,5,4,3
2406,9,3,5
2407,3,4,9
2408,1,4,2
2409,3,4,1
2410,1,4,3
2411,4,9,1
2412,1,4,13
2413,3,8,13
2414,3,1,5
2415,4,11,5
2416,11,1,3
2417,3,4,11
2418,1,2,4
2419,1,2,4
2420,1,2,4
2421,1,2,4
2422,1,4,5
2423,4,3,15
2424,4,6,5
2425,14,9,6
2426,3,1,5
2427,5,4,1
2428,4,13,15
2429,9,4,14
2430,4,3,14
2431,4,3,1
2432,1,11,5
2433,3,4,5
2434,4,3,5
2435,4,3,1
2436,3,4,1
2437,3,4,15
2438,1,4,3
2439,1,4,5
2440,1,4,5
2441,1,4,3
2442,1,4,5
2443,1,4,5
2444,1,4,11
2445,1,4,5
2446,1,4,5
2447,1,4,5
2448,1,4,5
2449,8,4,15
2450,1,3,5
2451,1,4,15
2452,1,3,11
2453,1,3,6
2454,4,1,15
2455,1,3,8
2456,1,4,8
2457,1,4,2
2458,1,3,9
2459,1,3,5
2460,1,4,15
2461,1,3,8
2462,1,3,6
2463,1,14,15
2464,5,4,1
2465,3,4,1
2466,1,2,9
2467,1,14,15
2468,4,1,14
2469,5,1,15
2470,1,15,
2471,13,15,
2472,5,1,4
2473,5,4,1
2474,6,13,1
2475,4,6,15
2476,6,3,14
2477,1,4,5
2478,13,1,5
2479,4,5,14
2480,4,5,3
2481,4,5,14
2482,4,5,1
2483,4,5,14
2484,4,5,14
2485,4,5,13
2486,4,7,5
2487,4,5,14
2488,4,5,14
2489,4,1,15
2490,3,1,4
2491,2,5,11
2492,1,4,5
2493,3,1,4
2494,1,4,5
2495,1,5,11
2496,11,4,3
2497,10,15,
2498,4,3,1
2499,5,8,15
2500,1,3,4
2501,1,4,3
2502,5,15,
2503,2,5,1
2504,14,15,
2505,3,4,9
2506,1,12,4
2507,1,7,14
2508,4,3,14
2509,4,1,14
2510,1,13,8
2511,4,1,2
2512,1,2,14
2513,4,1,3
2514,14,15,
2515,15,,
2516,8,14,13
2517,14,4,3
2518,1,2,13
2519,4,6,15
2520,4,15,
2521,14,15,
2522,13,15,
2523,6,14,15
2524,1,15,
2525,1,5,11
2526,1,15,
2527,4,11,15
2528,1,5,15
2529,1,11,9
2530,1,3,11
2531,4,3,6
2532,3,4,6
2533,2,4,3
2534,3,2,4
2535,1,3,6
2536,1,4,11
2537,1,4,11
2538,1,4,3
2539,1,4,11
2540,1,11,9
2541,3,1,13
2542,8,15,
2543,1,13,15
2544,1,13,4
2545,1,13,15
2546,3,6,8
2547,3,4,6
2548,3,4,7
2549,6,3,4
2550,4,3,6
2551,1,3,4
2552,15,,
2553,1,15,
2554,1,15,
2555,1,4,8
2556,1,4,14
2557,1,4,13
2558,1,4,9
2559,1,13,14
2560,15,,
2561,15,,
2562,15,,
2563,15,,
2564,15,,
2565,1,2,3
2566,1,2,3
2567,1,2,3
2568,1,2,3
2569,1,2,3
2570,2,4,3
2571,1,3,4
2572,1,2,4
2573,4,9,7
2574,4,1,9
2575,4,2,9
2576,15,,
2577,4,3,15
2578,4,3,15
2579,1,3,8
2580,3,1,9
2581,1,2,5
2582,1,3,4
2583,1,4,9
2584,1,2,4
2585,4,5,1
2586,1,4,14
2587,1,5,4
2588,14,3,4
2589,6,4,1
2590,4,14,1
2591,8,11,14
2592,1,2,14
2593,14,15,
2594,14,15,
2595,3,4,1
2596,4,15,
2597,3,15,
2598,1,4,2
2599,1,2,15
2600,4,6,7
2601,4,8,3
2602,8,1,4
2603,1,4,8
2604,1,4,3
2605,1,8,11
2606,11,15,
2607,1,2,14
2608,13,4,9
2609,14,3,4
2610,14,1,5
2611,1,2,14
2612,11,6,3
2613,1,2,4
2614,2,4,14
2615,4,8,11
2616,1,11,2
2617,1,4,3
2618,1,2,4
2619,1,2,4
2620,1,2,4
2621,1,2,5
2622,1,2,4
2623,1,2,4
2624,1,4,3
2625,15,,
2626,1,15,
2627,1,4,3
2628,1,4,3
2629,1,4,3
2630,1,5,8
2631,1,4,3
2632,1,5,7
2633,1,4,3
2634,1,3,5
2635,4,14,1
2636,9,1,4
2637,1,3,5
2638,1,4,5
2639,1,4,13
2640,3,1,4
2641,3,4,11
2642,1,3,4
2643,1,5,3
2644,4,3,2
2645,4,3,2
2646,4,3,9
2647,4,3,2
2648,5,15,
2649,3,4,15
2650,3,13,15
2651,1,2,15
2652,11,15,
2653,1,15,
2654,1,4,15
2655,15,,
2656,1,4,5
2657,3,4,6
2658,3,13,4
2659,3,4,13
2660,13,3,8
2661,4,3,5
2662,1,5,11
2663,11,1,15
2664,1,11,15
2665,1,2,9
2666,1,7,11
2667,15,,
2668,1,2,3
2669,1,3,4
2670,1,4,6
2671,1,4,3
2672,1,4,15
2673,1,15,
2674,1,4,15
2675,4,3,15
2676,1,15,
2677,1,3,4
2678,3,1,5
2679,9,2,13
2680,1,13,9
2681,1,9,3
2682,1,13,3
2683,3,4,9
2684,4,1,7
2685,3,9,13
2686,1,4,6
2687,3,4,9
2688,1,5,3
2689,13,15,
2690,1,4,15
2691,1,11,2
2692,1,2,5
2693,1,4,5
2694,4,5,14
2695,1,4,6
2696,1,2,7
2697,4,7,2
2698,4,3,13
2699,4,9,7
2700,1,4,6
2701,1,4,3
2702,1,2,11
2703,1,5,4
2704,4,1,2
2705,4,5,1
2706,1,2,4
2707,4,2,1
2708,3,4,1
2709,1,10,2
2710,15,,
2711,4,13,15
2712,1,4,15
2713,1,4,5
2714,1,4,5
2715,1,4,3
2716,1,4,3
2717,1,3,4
2718,1,4,3
2719,1,3,4
2720,4,1,3
2721,4,1,3
2722,1,15,
2723,4,3,1
2724,1,3,4
2725,1,4,3
2726,1,3,4
2727,1,2,4
2728,1,2,4
2729,1,2,4
2730,1,2,3
2731,1,2,4
2732,1,2,3
2733,1,2,3
2734,1,4,13
2735,4,3,13
2736,1,4,3
2737,1,2,15
2738,4,1,7
2739,1,4,13
2740,1,3,14
2741,1,3,4
2742,1,4,13
2743,1,3,4
2744,1,3,13
2745,1,3,13
2746,1,3,13
2747,1,3,4
2748,1,3,4
2749,6,1,3
2750,1,14,8
2751,1,3,4
2752,1,3,14
2753,1,3,8
2754,1,4,3
2755,1,8,14
2756,1,4,14
2757,1,9,15
2758,7,15,
2759,3,4,11
2760,2,8,14
2761,1,10,3
2762,1,4,15
2763,1,5,11
2764,1,3,4
2765,1,13,6
2766,4,5,15
2767,1,4,15
2768,1,2,3
2769,1,3,4
2770,1,3,4
2771,1,3,4
2772,1,3,4
2773,1,3,4
2774,2,1,15
2775,1,4,3
2776,4,1,3
2777,1,3,6
2778,1,2,3
2779,1,13,2
2780,1,4,3
2781,1,2,13
2782,11,1,3
2783,1,4,5
2784,1,3,4
2785,1,5,13
2786,1,4,6
2787,1,3,4
2788,1,3,4
2789,1,4,3
2790,1,3,4
2791,1,4,2
2792,2,7,13
2793,3,1,4
2794,1,15,
2795,1,4,3
2796,15,,
2797,15,,
2798,6,14,15
2799,3,4,1
2800,4,15,
2801,3,15,
2802,3,1,9
2803,3,4,6
2804,1,4,15
2805,3,4,13
2806,3,15,
2807,15,,
2808,3,4,14
2809,4,5,6
2810,1,3,4
2811,3,14,11
2812,1,3,4
2813,3,4,11
2814,1,4,2
2815,4,3,2
2816,1,3,4
2817,4,3,8
2818,1,3,4
2819,3,4,9
2820,1,3,4
2821,1,2,4
2822,1,4,2
2823,4,2,1
2824,4,14,15
2825,1,13,15
2826,14,7,15
2827,4,14,15
2828,15,,
2829,4,3,13
2830,1,13,15
2831,13,1,15
2832,1,13,15
2833,1,4,13
2834,9,3,14
2835,4,9,15
2836,13,4,15
2837,4,1,5
2838,1,3,4
2839,1,5,10
2840,1,3,6
2841,13,15,
2842,1,2,14
2843,11,4,5
2844,9,15,
2845,15,,
2846,11,3,15
2847,15,,
2848,9,5,1
2849,9,1,3
2850,1,15,
2851,14,5,15
2852,15,,
2853,15,,
2854,3,4,15
2855,3,4,15
2856,3,4,15
2857,14,8,15
2858,1,9,5
2859,4,1,15
2860,1,4,15
2861,1,3,12
2862,3,4,2
2863,3,9,4
2864,1,4,3
2865,1,15,
2866,5,1,15
2867,15,,
2868,1,13,3
2869,13,14,15
2870,1,3,11
2871,15,,
2872,1,2,15
2873,13,15,
2874,1,2,4
2875,6,4,9
2876,1,3,11
2877,14,15,
2878,8,13,15
2879,13,5,1
2880,3,4,8
2881,6,13,15
2882,8,3,15
2883,1,4,5
2884,14,9,6
2885,5,2,4
2886,4,1,5
2887,1,14,4
2888,4,14,8
2889,11,1,15
2890,14,3,8
2891,11,14,9
2892,1,3,14
2893,1,3,4
2894,1,4,14
2895,2,1,14
2896,6,1,4
2897,4,5,1
2898,1,6,4
2899,1,2,4
2900,3,4,14
2901,4,3,1
2902,4,3,14
2903,3,4,1
2904,4,3,11
2905,4,3,1
2906,15,,
2907,3,13,4
2908,1,9,5
2909,14,3,1
2910,3,14,5
2911,4,3,14
2912,14,3,4
2913,4,3,15
2914,4,3,15
2915,9,3,1
2916,4,3,15
2917,2,4,3
2918,3,9,8
2919,3,1,2
2920,6,3,4
2921,4,9,3
2922,8,4,3
2923,6,3,9
2924,3,1,5
2925,3,1,13
2926,3,4,13
2927,13,3,15
2928,13,6,15
2929,13,1,4
2930,8,4,3
2931,1,3,7
2932,15,,
2933,14,11,5
2934,3,4,6
2935,3,5,4
2936,1,3,4
2937,14,4,13
2938,9,1,12
2939,3,9,1
2940,3,1,15
2941,1,4,15
2942,1,8,14
2943,4,13,1
2944,3,1,15
2945,13,1,4
2946,5,4,1
2947,1,3,4
2948,1,3,9
2949,5,1,15
2950,1,2,13
2951,1,9,8
2952,1,4,3
2953,4,3,13
2954,1,9,3
2955,4,3,9
2956,3,9,13
2957,15,,
2958,4,15,
2959,13,4,15
2960,14,3,4
2961,4,5,15
2962,4,10,5
2963,4,9,3
2964,4,3,8
2965,5,11,14
2966,4,3,1
2967,4,3,14
2968,3,14,4
2969,13,9,14
2970,4,13,14
2971,3,4,13
2972,1,4,15
2973,4,8,14
2974,3,8,15
2975,4,3,1
2976,4,3,13
2977,5,15,
2978,1,11,15
2979,1,4,15
2980,1,5,15
2981,6,8,1
2982,1,4,3
2983,4,3,15
2984,14,15,
2985,1,15,
2986,3,8,15
2987,8,4,15
2988,1,5,9
2989,4,15,
2990,1,5,15
2991,1,3,4
2992,4,9,6
2993,4,15,
2994,4,13,1
2995,6,4,1
2996,13,3,15
2997,15,,
2998,6,15,
2999,5,7,15
3000,5,13,4
3001,3,15,
3002,13,15,
3003,3,15,
3004,13,15,
3005,1,4,5
3006,3,4,1
3007,3,1,5
3008,5,1,2
3009,4,5,1
3010,11,5,1
3011,1,3,13
3012,11,5,1
3013,1,3,4
3014,1,5,9
3015,1,3,15
3016,1,2,4
3017,8,15,
3018,13,4,3
3019,1,4,5
3020,1,5,4
3021,1,2,9
3022,3,1,9
3023,5,8,9
3024,3,4,5
3025,3,4,13
3026,8,6,3
3027,1,3,5
3028,3,9,11
3029,4,3,14
3030,14,11,13
3031,1,3,15
3032,1,3,15
3033,1,3,15
3034,1,5,11
3035,3,4,9
3036,2,3,9
3037,4,1,3
3038,3,8,13
3039,11,13,4
3040,2,11,15
3041,3,4,1
3042,3,4,9
3043,3,4,9
3044,1,3,5
3045,1,3,5
3046,3,6,14
3047,1,3,6
3048,8,4,13
3049,3,4,1
3050,3,4,1
3051,1,15,
3052,3,4,15
3053,3,9,1
3054,4,3,9
3055,3,4,1
3056,3,7,4
3057,4,15,
3058,4,8,15
3059,1,15,
3060,1,13,15
3061,15,,
3062,1,15,
3063,1,4,2
3064,1,4,15
3065,3,1,15
3066,1,2,15
3067,1,3,4
3068,4,1,3
3069,1,3,4
3070,3,4,1
3071,1,2,4
3072,1,4,2
3073,13,1,15
3074,15,,
3075,1,4,7
3076,1,2,4
3077,1,4,10
3078,1,4,5
3079,1,4,5
3080,1,4,5
3081,1,3,4
3082,1,3,11
3083,1,3,11
3084,1,3,11
3085,1,4,3
3086,1,4,5
3087,1,2,4
3088,1,4,6
3089,1,2,4
3090,2,1,15
3091,15,,
3092,15,,
3093,2,1,3
3094,1,2,4
3095,15,,
3096,14,4,6
3097,3,4,15
3098,3,4,1
3099,4,3,6
3100,4,3,9
3101,2,3,4
3102,1,3,4
3103,1,3,4
3104,1,9,5
3105,1,4,9
3106,4,1,9
3107,1,9,4
3108,6,1,4
3109,1,2,3
3110,1,2,3
3111,1,2,3
3112,1,2,3
3113,1,2,4
3114,15,,
3115,15,,
3116,15,,
3117,15,,
3118,15,,
3119,4,1,3
3120,1,3,4
3121,4,1,3
3122,4,1,3
3123,4,3,1
3124,1,3,4
3125,1,3,4
3126,1,5,4
3127,1,8,14
3128,1,5,3
3129,1,4,5
3130,1,4,3
3131,1,5,4
3132,3,6,1
3133,1,4,3
3134,14,5,1
3135,11,5,1
3136,13,6,8
3137,1,15,
3138,11,1,8
3139,14,1,3
3140,1,4,5
3141,1,9,3
3142,1,2,15
3143,14,1,3
3144,15,,
3145,11,3,8
3146,1,2,4
3147,1,9,14
3148,1,9,4
3149,1,5,8
3150,9,4,6
3151,4,6,1
3152,4,15,
3153,11,1,4
3154,11,15,
3155,6,9,8
3156,4,5,1
3157,1,9,5
3158,4,6,1
3159,4,15,
3160,1,14,15
3161,4,11,1
3162,1,5,4
3163,1,5,4
3164,4,5,8
3165,4,3,14
3166,3,4,6
3167,13,4,11
3168,1,5,9
3169,1,2,3
3170,1,2,5
3171,1,2,4
3172,12,2,3
3173,1,2,4
3174,1,2,8
3175,1,3,5
3176,1,3,4
3177,1,3,4
3178,1,4,5
3179,1,3,7
3180,13,2,1
3181,3,4,1
3182,1,2,3
3183,3,4,11
3184,4,15,
3185,1,15,
3186,15,,
3187,1,3,9
3188,15,,
3189,1,4,3
3190,3,15,
3191,1,4,15
3192,5,15,
3193,15,,
3194,1,4,15
3195,1,4,15
3196,15,,
3197,4,3,1
3198,3,1,15
3199,3,1,2
3200,1,2,3
3201,2,5,7
3202,1,3,4
3203,1,3,9
3204,8,9,14
3205,4,3,6
3206,1,15,
3207,1,15,
3208,1,5,7
3209,3,4,6
3210,4,6,3
3211,5,3,11
3212,3,5,15
3213,1,14,15
3214,1,3,9
3215,1,4,3
3216,1,4,3
3217,3,1,8
3218,3,11,15
3219,11,1,15
3220,1,15,
3221,9,1,5
3222,3,4,5
3223,6,9,5
3224,4,6,13
3225,3,1,6
3226,4,1,15
3227,6,3,8
3228,1,6,15
3229,11,1,4
3230,4,11,1
3231,11,1,4
3232,4,11,1
3233,6,4,1
3234,11,14,8
3235,1,6,15
3236,1,15,
3237,4,15,
3238,14,15,
3239,13,3,15
3240,5,4,15
3241,15,,
3242,3,11,1
3243,3,6,15
3244,1,15,
3245,3,4,6
3246,15,,
3247,3,4,13
3248,3,8,10
3249,8,9,3
3250,3,8,4
3251,9,6,3
3252,3,9,4
3253,9,3,4
3254,1,4,9
3255,1,4,15
3256,1,3,4
3257,1,4,3
3258,1,2,13
3259,1,3,4
3260,1,2,3
3261,1,3,4
3262,13,14,15
3263,9,3,15
3264,13,4,3
3265,3,9,1
3266,4,13,15
3267,4,1,15
3268,15,,
3269,4,6,1
3270,1,9,2
3271,9,1,4
3272,1,15,
3273,8,4,3
3274,3,1,4
3275,3,14,13
3276,6,3,1
3277,13,1,5
3278,1,15,
3279,1,4,5
3280,8,3,6
3281,1,4,2
3282,1,4,3
3283,1,4,6
3284,15,,
3285,3,15,
3286,3,4,15
3287,3,4,13
3288,3,5,1
3289,1,5,3
3290,1,4,3
3291,1,3,15
3292,4,3,7
3293,4,3,14
3294,4,3,8
3295,9,4,3
3296,1,3,11
3297,3,1,14
3298,1,3,4
3299,3,4,5
3300,4,1,3
3301,4,5,1
3302,1,4,3
3303,1,3,4
3304,1,3,4
3305,1,4,3
3306,3,1,6
3307,4,5,14
3308,1,5,4
3309,4,1,9
3310,2,4,5
3311,2,3,5
3312,4,13,5
3313,3,5,4
3314,3,4,2
3315,3,4,2
3316,3,4,8
3317,4,3,9
3318,2,4,9
3319,1,2,15
3320,1,11,15
3321,4,8,1
3322,3,4,1
3323,3,4,1
3324,3,4,8
3325,8,3,1
3326,1,3,4
3327,3,4,1
3328,15,,
3329,1,4,15
3330,4,13,1
3331,8,5,15
3332,4,8,15
3333,4,8,15
3334,4,8,1
3335,3,4,8
3336,5,15,
3337,15,,
3338,3,4,15
3339,3,4,15
3340,4,3,6
3341,1,15,
3342,15,,
3343,6,1,14
3344,14,4,15
3345,4,3,14
3346,9,3,4
3347,1,13,14
3348,1,3,2
3349,15,,
3350,15,,
3351,1,15,
3352,4,1,3
3353,1,7,15
3354,4,3,1
3355,2,1,4
3356,1,2,4
3357,1,14,2
3358,1,2,14
3359,1,2,4
3360,1,4,11
3361,1,4,11
3362,1,3,4
3363,1,4,5
3364,1,3,4
3365,1,10,9
3366,3,4,9
3367,1,3,6
3368,2,3,4
3369,1,3,10
3370,4,6,3
3371,10,2,4
3372,1,10,15
3373,3,7,4
3374,1,3,4
3375,1,3,4
3376,1,4,3
3377,15,,
3378,15,,
3379,15,,
3380,15,,
3381,15,,
3382,1,2,5
3383,1,2,4
3384,4,1,5
3385,1,2,5
3386,1,4,2
3387,1,4,3
3388,1,15,
3389,1,2,4
3390,1,3,4
3391,3,4,5
3392,9,11,3
3393,3,1,9
3394,4,11,3
3395,1,11,2
3396,1,3,2
3397,11,1,15
3398,1,3,11
3399,1,2,11
3400,4,9,11
3401,1,3,4
3402,1,9,3
3403,3,2,11
3404,1,3,5
3405,6,4,11
3406,3,1,4
3407,2,8,9
3408,1,9,4
3409,15,,
3410,3,4,9
3411,3,4,11
3412,15,,
3413,4,6,15
3414,4,2,6
3415,2,1,15
3416,1,2,15
3417,1,3,4
3418,3,4,1
3419,1,4,3
3420,1,4,3
3421,1,3,4
3422,1,2,3
3423,1,2,3
3424,1,2,3
3425,1,2,3
3426,1,2,4
3427,4,3,5
3428,1,4,9
3429,11,13,8
3430,3,1,11
3431,1,11,5
3432,14,1,3
3433,3,2,1
3434,3,14,4
3435,5,3,4
3436,4,7,1
3437,1,9,14
3438,1,2,9
3439,1,9,15
3440,4,3,10
3441,4,3,8
3442,15,,
3443,10,15,
3444,15,,
3445,3,4,2
3446,15,,
3447,2,1,4
3448,3,4,14
3449,1,9,3
3450,1,4,2
3451,1,2,4
3452,1,4,2
3453,1,4,13
3454,1,3,4
3455,6,15,
3456,4,9,3
3457,6,9,1
3458,14,1,9
3459,6,4,9
3460,6,14,3
3461,6,14,9
3462,9,14,4
3463,5,9,11
3464,5,2,7
3465,1,5,14
3466,1,5,4
3467,1,4,5
3468,4,1,5
3469,1,2,10
3470,1,2,3
3471,1,2,4
3472,1,3,4
3473,1,2,3
3474,15,,
3475,3,4,15
3476,15,,
3477,15,,
3478,1,13,15
3479,15,,
3480,13,1,15
3481,3,4,15
3482,15,,
3483,1,15,
3484,15,,
3485,1,3,15
3486,1,2,9
3487,4,1,3
3488,4,1,3
3489,3,4,1
3490,1,4,3
3491,1,4,3
3492,4,3,1
3493,1,3,4
3494,8,4,13
3495,4,3,13
3496,3,13,2
3497,3,1,4
3498,1,4,13
3499,4,3,14
3500,1,4,3
3501,1,4,3
3502,15,,
3503,5,3,4
3504,1,15,
3505,1,4,14
3506,4,3,1
3507,1,3,6
3508,4,1,3
3509,4,3,13
3510,1,2,13
3511,4,5,14
3512,1,4,5
3513,1,4,5
3514,1,4,5
3515,1,3,4
3516,4,5,14
3517,1,5,4
3518,14,5,4
3519,14,3,15
3520,14,4,1
3521,3,5,1
3522,14,9,15
3523,1,2,5
3524,1,5,15
3525,3,4,9
3526,3,4,1
3527,1,3,15
3528,1,5,4
3529,3,14,9
3530,13,3,4
3531,1,4,3
3532,4,3,8
3533,4,3,1
3534,1,2,3
3535,1,2,3
3536,1,3,4
3537,1,3,4
3538,1,4,6
3539,1,4,3
3540,3,4,6
3541,1,2,15
3542,1,4,3
3543,3,9,8
3544,5,4,9
3545,1,4,15
3546,1,5,15
3547,5,1,4
3548,1,5,15
3549,1,13,15
3550,1,5,3
3551,15,,
3552,1,6,5
3553,4,3,11
3554,4,9,6
3555,1,3,4
3556,14,3,9
3557,12,1,6
3558,1,3,15
3559,1,3,4
3560,1,3,4
3561,1,3,5
3562,5,1,15
3563,4,6,1
3564,4,1,5
3565,3,4,1
3566,4,1,3
3567,4,1,5
3568,3,4,1
3569,5,3,9
3570,3,4,9
3571,5,4,14
3572,5,4,15
3573,1,4,15
3574,1,9,4
3575,1,15,
3576,3,15,
3577,13,1,4
3578,9,3,4
3579,3,4,5
3580,3,8,14
3581,8,3,5
3582,4,3,5
3583,1,2,4
3584,1,4,3
3585,9,15,
3586,1,2,4
3587,1,9,3
3588,13,4,6
3589,14,4,1
3590,1,4,3
3591,1,2,13
3592,5,13,14
3593,4,13,1
3594,3,13,9
3595,5,9,15
3596,14,15,
3597,4,1,9
3598,6,4,14
3599,13,1,4
3600,4,13,12
3601,13,5,4
3602,4,3,14
3603,1,4,3
3604,4,9,14
3605,9,3,14
3606,1,3,5
3607,9,13,15
3608,6,3,15
3609,9,4,1
3610,4,9,15
3611,3,4,15
3612,5,3,14
3613,9,11,14
3614,1,15,
3615,14,1,5
3616,3,11,14
3617,13,5,4
3618,4,3,15
3619,4,1,5
3620,5,1,15
3621,5,15,
3622,4,3,14
3623,13,3,4
3624,4,1,3
3625,3,1,15
3626,1,3,5
3627,5,9,15
3628,3,5,15
3629,1,15,
3630,13,4,5
3631,3,7,13
3632,5,13,15
3633,3,4,5
3634,3,1,9
3635,4,5,2
3636,4,3,6
3637,1,4,5
3638,1,5,9
3639,1,5,11
3640,9,3,7
3641,1,4,5
3642,1,4,10
3643,5,1,4
3644,1,4,3
3645,13,15,
3646,3,4,5
3647,4,5,3
3648,4,5,3
3649,3,4,14
3650,3,6,13
3651,5,3,4
3652,8,15,
3653,14,15,
3654,13,15,
3655,3,5,15
3656,5,4,7
3657,5,4,1
3658,1,4,3
3659,3,1,4
3660,1,5,3
3661,1,2,3
3662,1,2,4
3663,1,2,4
3664,1,2,3
3665,1,2,4
3666,15,,
3667,3,9,4
3668,3,13,5
3669,1,3,9
3670,13,5,1
3671,5,4,1
3672,14,4,8
3673,5,15,
3674,1,8,15
3675,1,13,11
3676,3,6,4
3677,6,3,13
3678,15,,
3679,3,4,15
3680,4,15,
3681,3,4,15
3682,1,2,5
3683,1,9,5
3684,1,3,4
3685,1,3,4
3686,4,1,2
3687,2,3,4
3688,1,4,3
3689,1,5,3
3690,1,4,3
3691,1,14,15
3692,13,14,15
3693,1,15,
3694,3,1,15
3695,3,5,6
3696,15,,
3697,1,15,
3698,1,2,4
3699,1,3,4
3700,1,11,14
3701,1,11,8
3702,11,1,4
3703,14,4,15
3704,1,4,8
3705,3,8,15
3706,1,2,14
3707,1,2,4
3708,4,3,1
3709,1,3,4
3710,1,3,4
3711,1,3,15
3712,1,4,15
3713,9,1,4
3714,15,,
3715,3,15,
3716,3,4,15
3717,15,,
3718,1,4,13
3719,1,2,15
3720,1,2,15
3721,7,1,2
3722,4,14,9
3723,9,3,1
3724,3,4,9
3725,3,4,1
3726,3,9,1
3727,3,4,1
3728,3,4,1
3729,1,5,14
3730,1,4,3
3731,1,4,5
3732,5,1,4
3733,1,4,2
3734,4,1,3
3735,1,2,3
3736,1,2,3
3737,1,2,3
3738,1,2,4
3739,1,2,4
3740,1,15,
3741,1,15,
3742,15,,
3743,15,,
3744,1,3,4
3745,1,4,3
3746,1,4,3
3747,4,1,3
3748,1,4,3
3749,1,3,4
3750,1,4,3
3751,1,4,9
3752,1,6,3
3753,1,3,6
3754,1,9,10
3755,1,3,10
3756,4,2,3
3757,3,4,1
3758,9,15,
3759,3,1,6
3760,15,,
3761,1,2,13
3762,3,4,13
3763,1,4,3
3764,1,3,4
3765,1,14,3
3766,4,9,11
3767,4,3,1
3768,3,1,9
3769,1,6,15
3770,1,4,6
3771,1,13,3
3772,1,4,13
3773,1,2,13
3774,2,7,13
3775,1,13,2
3776,4,3,1
3777,1,3,4
3778,1,3,2
3779,15,,
3780,1,4,5
3781,1,15,
3782,1,15,
3783,1,2,3
3784,2,1,4
3785,3,2,1
3786,15,,
3787,14,15,
3788,1,6,4
3789,1,5,9
3790,1,3,4
3791,1,4,11
3792,1,3,4
3793,1,3,4
3794,1,4,5
3795,1,2,4
3796,1,2,4
3797,1,4,15
3798,4,15,
3799,1,3,4
3800,1,2,4
3801,1,4,11
3802,6,3,14
3803,1,15,
3804,2,4,15
3805,1,15,
3806,1,15,
3807,1,15,
3808,1,4,14
3809,1,8,11
3810,1,2,3
3811,1,4,3
3812,1,10,3
3813,1,7,9
3814,4,5,1
3815,5,3,1
3816,1,2,9
3817,4,3,6
3818,2,5,15
3819,1,4,3
3820,1,4,9
3821,1,4,6
3822,1,9,3
3823,1,2,5
3824,1,3,9
3825,6,8,7
3826,6,4,7
3827,4,7,1
3828,6,3,4
3829,4,6,7
3830,14,15,
3831,3,4,5
3832,3,4,14
3833,4,3,15
3834,4,3,5
3835,4,9,5
3836,4,3,1
3837,3,1,5
3838,1,3,6
3839,1,5,3
3840,3,4,14
3841,1,4,15
3842,1,5,3
3843,1,2,15
3844,3,5,6
3845,1,3,6
3846,4,3,14
3847,3,2,4
3848,3,14,15
3849,1,15,
3850,1,15,
3851,3,4,15
3852,9,3,1
3853,1,4,5
3854,4,3,1
3855,1,4,5
3856,3,4,11
3857,3,11,4
3858,4,9,15
3859,3,1,11
3860,1,4,14
3861,3,1,4
3862,3,9,14
3863,3,5,8
3864,3,4,6
3865,3,4,8
3866,3,4,6
3867,3,4,1
3868,4,1,5
3869,2,4,3
3870,15,,
3871,8,1,14
3872,4,1,15
3873,1,14,15
3874,1,2,5
3875,8,1,6
3876,1,4,14
3877,1,13,5
3878,1,15,
3879,15,,
3880,14,3,5
3881,1,15,
3882,1,2,14
3883,6,4,15
3884,1,4,3
3885,1,2,4
3886,1,2,4
3887,1,4,2
3888,1,2,5
3889,4,1,3
3890,1,3,13
3891,1,4,13
3892,13,1,14
3893,1,3,13
3894,1,3,13
3895,5,4,1
3896,3,1,13
3897,9,15,
3898,5,1,13
3899,4,13,15
3900,3,1,9
3901,5,3,1
3902,3,1,15
3903,3,1,9
3904,13,3,15
3905,3,15,
3906,4,11,13
3907,15,,
3908,5,13,1
3909,5,4,1
3910,3,15,
3911,3,15,
3912,1,9,15
3913,1,4,8
3914,3,1,15
3915,4,15,
3916,1,3,15
3917,1,5,3
3918,1,4,5
3919,1,5,3
3920,1,5,10
3921,1,3,15
3922,4,15,
3923,5,2,15
3924,3,15,
3925,4,5,15
3926,4,1,3
3927,13,3,4
3928,1,5,15
3929,13,1,4
3930,4,1,15
3931,1,4,15
3932,13,1,2
3933,1,2,14
3934,13,1,4
3935,15,,
3936,1,4,15
3937,5,14,3
3938,1,14,4
3939,1,6,5
3940,13,1,9
3941,4,3,5
3942,1,4,3
3943,3,4,1
3944,9,15,
3945,1,10,15
3946,5,13,4
3947,14,9,7
3948,6,5,1
3949,4,1,5
3950,4,1,6
3951,4,6,1
3952,3,14,1
3953,8,1,4
3954,4,3,6
3955,4,1,9
3956,1,2,9
3957,9,4,11
3958,4,3,1
3959,1,15,
3960,1,15,
3961,8,5,3
3962,15,,
3963,1,5,15
3964,4,3,6
3965,4,1,13
3966,3,14,9
3967,3,9,14
3968,4,9,14
3969,4,1,13
3970,4,9,3
3971,4,9,8
3972,3,4,1
3973,4,3,1
3974,1,4,3
3975,3,4,14
3976,1,4,12
3977,1,5,13
3978,4,14,15
3979,3,4,8
3980,1,4,3
3981,1,4,5
3982,1,4,3
3983,3,1,4
3984,15,,
3985,3,15,
3986,15,,
3987,5,4,12
3988,15,,
3989,4,1,15
3990,3,4,9
3991,3,1,5
3992,1,5,2
3993,1,9,3
3994,3,9,4
3995,3,4,8
3996,3,1,9
3997,1,4,14
3998,13,4,3
3999,14,3,15
4000,1,4,15
4001,1,2,4
4002,3,1,15
4003,3,1,15
4004,8,1,15
4005,3,8,15
4006,5,15,
4007,3,1,15
4008,13,15,
4009,3,15,
4010,13,3,11
4011,5,15,
4012,15,,
4013,15,,
4014,6,3,15
4015,1,3,5
4016,1,4,2
4017,3,1,2
4018,1,2,4
4019,6,1,4
4020,4,13,14
4021,14,3,4
4022,5,4,1
4023,13,1,3
4024,1,13,2
4025,4,15,
4026,5,4,8
4027,2,1,15
4028,1,2,4
4029,14,5,15
4030,1,3,15
4031,14,3,15
4032,1,4,5
4033,5,15,
4034,4,1,15
4035,15,,
4036,3,5,4
4037,1,6,3
4038,1,4,10
4039,1,4,13
4040,1,3,4
4041,13,1,10
4042,13,9,14
4043,4,3,2
4044,4,3,13
4045,11,4,15
4046,15,,
4047,4,13,5
4048,1,2,4
4049,1,2,3
4050,1,2,4
4051,1,2,4
4052,1,2,4
4053,1,3,4
4054,1,2,4
4055,3,9,14
4056,1,3,4
4057,1,5,4
4058,3,1,14
4059,1,3,15
4060,1,9,3
4061,5,9,15
4062,5,1,15
4063,1,4,3
4064,1,3,5
4065,4,1,15
4066,15,,
4067,14,1,4
4068,1,3,15
4069,1,13,3
4070,1,3,15
4071,4,13,1
4072,3,13,6
4073,1,13,4
4074,1,9,4
4075,3,1,4
4076,4,3,1
4077,13,1,15
4078,4,15,
4079,3,4,15
4080,3,4,14
4081,3,9,4
4082,5,7,1
4083,1,5,11
4084,1,15,
4085,3,4,9
4086,1,2,4
4087,1,4,3
4088,15,,
4089,15,,
4090,11,9,4
4091,1,7,4
4092,1,8,2
4093,1,4,8
4094,1,2,5
4095,1,4,6
4096,4,3,1
4097,1,3,9
4098,1,9,2
4099,1,5,15
4100,4,2,14
4101,11,1,15
4102,1,15,
4103,1,5,15
4104,5,4,8
4105,3,4,1
4106,3,4,1
4107,1,3,5
4108,15,,
4109,3,4,14
4110,1,5,15
4111,1,3,4
4112,1,3,10
4113,1,3,9
4114,1,2,4
4115,1,4,10
4116,1,4,3
4117,1,4,3
4118,1,4,3
4119,1,4,3
4120,1,3,4
4121,1,3,4
4122,1,3,4
4123,1,2,4
4124,1,2,4
4125,1,2,3
4126,1,2,3
4127,1,2,4
4128,1,2,4
4129,1,3,4
4130,1,3,4
4131,1,2,15
4132,1,15,
4133,1,15,
4134,1,14,15
4135,1,15,
4136,1,9,11
4137,1,15,
4138,1,15,
4139,1,4,10
4140,1,15,
4141,1,6,2
4142,3,10,13
4143,4,3,15
4144,1,4,11
4145,1,2,6
4146,8,2,9
4147,1,3,4
4148,4,6,3
4149,8,1,15
4150,1,4,15
4151,1,15,
4152,4,1,11
4153,1,4,11
4154,2,9,4
4155,2,15,
4156,1,3,11
4157,2,15,
4158,1,3,4
4159,3,1,14
4160,1,2,3
4161,1,3,4
4162,15,,
4163,4,1,2
4164,1,2,4
4165,1,2,15
4166,4,6,1
4167,1,2,4
4168,1,3,11
4169,4,5,11
4170,3,15,
4171,6,4,13
4172,1,4,11
4173,1,13,5
4174,13,1,5
4175,5,2,11
4176,1,13,2
4177,5,2,13
4178,1,2,9
4179,1,4,3
4180,3,4,1
4181,1,4,5
4182,1,2,3
4183,1,2,3
4184,1,3,4
4185,1,3,2
4186,1,2,3
4187,1,2,4
4188,1,4,15
4189,1,2,3
4190,4,15,
4191,15,,
4192,1,4,5
4193,3,1,4
4194,1,4,2
4195,1,4,2
4196,1,5,4
4197,15,,
4198,4,1,3
4199,1,2,11
4200,4,3,9
4201,3,4,15
4202,3,6,14
4203,6,4,1
4204,3,1,6
4205,6,14,4
4206,1,6,14
4207,14,3,15
4208,4,3,14
4209,15,,
4210,1,4,15
4211,1,3,4
4212,1,3,9
4213,4,1,9
4214,1,7,4
4215,1,9,5
4216,1,4,5
4217,1,4,14
4218,1,2,9
4219,15,,
4220,15,,
4221,1,15,
4222,1,15,
4223,3,15,
4224,4,15,
4225,1,15,
4226,15,,
4227,15,,
4228,4,3,1
4229,11,6,1
4230,1,2,11
4231,3,4,1
4232,1,4,5
4233,3,6,14
4234,3,4,1
4235,3,4,1
4236,1,2,4
4237,1,2,4
4238,1,2,3
4239,1,2,3
4240,1,2,4
4241,1,2,3
4242,1,2,4
4243,1,2,4
4244,1,2,4
4245,1,2,4
4246,1,2,4
4247,1,2,4
4248,1,4,3
4249,1,3,8
4250,2,3,9
4251,3,2,8
4252,2,13,15
4253,1,9,2
4254,3,4,2
4255,15,,
4256,4,3,6
4257,1,2,4
4258,4,3,11
4259,1,15,
4260,3,4,14
4261,3,14,15
4262,3,4,11
4263,15,,
4264,15,,
4265,1,4,11
4266,1,15,
4267,4,11,3
4268,3,4,11
4269,1,4,3
4270,15,,
4271,1,3,13
4272,11,4,3
4273,1,9,7
4274,13,3,6
4275,3,1,4
4276,3,4,1
4277,4,2,3
4278,4,14,6
4279,4,3,14
4280,4,3,15
4281,1,3,4
4282,14,11,9
4283,1,4,3
4284,1,3,11
4285,1,4,9
4286,1,4,15
4287,1,4,3
4288,1,3,4
4289,1,3,15
4290,1,3,4
4291,1,3,4
4292,1,3,4
4293,1,4,13
4294,1,3,15
4295,1,3,15
4296,1,3,8
4297,1,3,4
4298,1,3,4
4299,1,5,3
4300,4,1,13
4301,11,9,15
4302,1,4,15
4303,3,1,4
4304,1,11,13
4305,1,11,3
4306,1,3,8
4307,1,2,3
4308,1,3,15
4309,1,3,4
4310,1,4,3
4311,3,4,2
4312,4,3,2
4313,1,8,3
4314,1,3,11
4315,4,1,3
4316,1,2,4
4317,2,1,3
4318,2,3,4
4319,1,15,
4320,2,14,4
4321,15,,
4322,15,,
4323,1,4,2
4324,2,1,4
4325,1,3,11
4326,1,4,11
4327,1,13,15
4328,1,3,15
4329,1,13,4
4330,5,4,2
4331,13,11,3
4332,1,12,15
4333,1,15,
4334,1,7,14
4335,8,14,4
4336,3,7,8
4337,9,8,4
4338,1,3,6
4339,2,1,4
4340,3,1,2
4341,1,3,4
4342,4,1,3
4343,1,2,3
4344,1,4,13
4345,1,4,3
4346,3,4,13
4347,1,3,4
4348,3,13,14
4349,2,4,3
4350,1,4,9
4351,1,15,
4352,15,,
4353,1,9,2
4354,1,3,4
4355,1,3,4
4356,1,4,3
4357,1,3,4
4358,1,3,15
4359,1,2,15
4360,14,11,3
4361,1,4,3
4362,14,3,4
4363,1,2,15
4364,1,4,3
4365,6,9,3
4366,3,4,13
4367,1,4,8
4368,1,3,4
4369,15,,
4370,6,4,14
4371,4,15,
4372,4,3,2
4373,4,1,5
4374,15,,
4375,1,2,5
4376,13,1,15
4377,1,10,3
4378,6,15,
4379,1,13,15
4380,1,3,4
4381,1,2,4
4382,1,4,2
4383,1,2,3
4384,1,13,15
4385,1,13,15
4386,4,1,3
4387,4,3,1
4388,4,3,9
4389,4,3,2
4390,4,3,1
4391,15,,
4392,15,,
4393,1,15,
4394,4,1,15
4395,3,4,8
4396,11,1,4
4397,1,4,3
4398,3,4,15
4399,3,4,1
4400,1,5,3
4401,3,15,
4402,3,4,1
4403,3,9,4
4404,4,3,15
4405,4,15,
4406,1,4,2
4407,4,1,5
4408,3,1,4
4409,1,2,3
4410,1,4,3
4411,2,4,14
4412,2,9,14
4413,3,1,8
4414,3,1,4
4415,3,4,2
4416,13,3,1
4417,3,4,8
4418,3,4,8
4419,3,2,13
4420,3,4,2
4421,3,8,12
4422,1,4,9
4423,3,4,9
4424,1,3,11
4425,4,3,11
4426,1,3,15
4427,1,3,4
4428,3,11,15
4429,11,4,15
4430,1,13,15
4431,1,15,
4432,1,15,
4433,1,2,3
4434,4,3,14
4435,4,9,14
4436,4,14,3
4437,3,4,9
4438,4,3,8
4439,4,3,15
4440,5,15,
4441,4,15,
4442,2,3,6
4443,6,14,1
4444,3,9,1
4445,13,1,3
4446,13,1,9
4447,1,3,13
4448,1,4,3
4449,1,4,3
4450,1,4,9
4451,1,4,9
4452,1,3,4
4453,1,4,11
4454,1,6,3
4455,1,3,4
4456,1,2,10
4457,2,1,6
4458,1,3,4
4459,1,4,3
4460,15,,
4461,2,1,4
4462,1,2,15
4463,1,4,13
4464,15,,
4465,1,3,4
4466,1,4,2
4467,13,6,1
4468,1,4,3
4469,6,1,4
4470,1,4,11
4471,1,3,10
4472,1,3,8
4473,1,3,4
4474,1,4,3
4475,4,10,13
4476,3,4,2
4477,3,4,1
4478,1,4,6
4479,4,6,1
4480,4,1,2
4481,2,1,4
4482,1,4,2
4483,1,3,4
4484,1,3,4
4485,1,4,3
4486,1,3,4
4487,1,3,4
4488,1,4,2
4489,1,3,4
4490,1,4,3
4491,4,1,2
4492,1,2,4
4493,1,3,4
4494,1,4,2
4495,1,15,
4496,1,4,15
4497,1,3,15
4498,1,15,
4499,1,3,4
4500,1,15,
4501,1,14,15
4502,3,4,9
4503,4,15,
4504,1,4,2
4505,4,3,5
4506,15,,
4507,15,,
4508,15,,
4509,15,,
4510,15,,
4511,1,15,
4512,4,1,15
4513,2,15,
4514,15,,
4515,4,5,6
4516,4,8,15
4517,15,,
4518,1,2,15
4519,15,,
4520,1,4,2
4521,1,2,3
4522,1,2,3
4523,1,2,7
4524,2,1,3
4525,4,1,3
4526,1,14,15
4527,15,,
4528,1,15,
4529,1,14,15
4530,1,5,8
4531,1,2,4
4532,1,2,5
4533,1,4,2
4534,1,2,4
4535,2,1,13
4536,1,2,4
4537,1,13,15
4538,1,4,2
4539,15,,
4540,1,2,3
4541,1,2,4
4542,1,2,4
4543,1,14,2
4544,1,13,15
4545,1,4,11
4546,1,4,15
4547,1,4,15
4548,1,3,4
4549,1,2,4
4550,3,4,1
4551,4,2,1
4552,3,4,9
4553,1,8,2
4554,4,2,3
4555,1,9,15
4556,2,4,1
4557,3,4,8
4558,2,1,3
4559,1,2,15
4560,1,3,8
4561,4,3,1
4562,14,1,4
4563,4,1,3
4564,1,4,3
4565,1,2,5
4566,1,2,4
4567,1,4,3
4568,4,1,3
4569,4,1,6
4570,1,2,11
4571,1,15,
4572,1,15,
4573,3,14,15
4574,1,3,15
4575,8,14,11
4576,3,1,4
4577,1,15,
4578,4,11,3
4579,2,4,3
4580,6,7,9
4581,1,5,15
4582,1,2,14
4583,1,11,5
4584,4,6,8
4585,4,14,15
4586,1,4,15
4587,4,1,13
4588,3,1,14
4589,1,13,15
4590,1,4,14
4591,13,11,1
4592,1,3,4
4593,3,4,13
4594,13,3,11
4595,1,13,11
4596,4,1,13
4597,1,4,2
4598,1,4,14
4599,3,1,11
4600,3,4,14
4601,1,3,4
4602,1,3,4
4603,1,2,3
4604,1,2,3
4605,1,2,3
4606,1,3,2
4607,2,1,4
4608,2,1,4
4609,1,3,4
4610,1,3,4
4611,3,2,8
4612,1,4,5
4613,2,8,4
4614,1,4,6
4615,3,1,8
4616,1,4,5
4617,1,3,6
4618,1,2,5
4619,1,2,5
4620,1,3,4
4621,1,2,3
4622,3,1,2
4623,6,1,2
4624,1,3,2
4625,3,1,2
4626,1,3,2
4627,1,4,3
4628,4,3,1
4629,4,1,5
4630,15,,
4631,1,4,5
4632,3,1,9
4633,4,3,5
4634,4,3,5
4635,4,3,1
4636,4,3,5
4637,4,3,1
4638,4,1,3
4639,1,4,3
4640,1,2,4
4641,4,1,3
4642,1,2,4
4643,1,4,2
4644,4,1,3
4645,1,2,9
4646,1,5,7
4647,3,5,4
4648,4,5,1
4649,1,3,14
4650,3,4,6
4651,3,4,1
4652,4,6,3
4653,3,4,13
4654,3,13,4
4655,3,4,13
4656,3,13,9
4657,3,2,13
4658,1,4,8
4659,14,4,1
4660,1,3,4
4661,1,5,4
4662,6,1,4
4663,3,1,4
4664,4,3,6
4665,4,5,6
4666,3,4,6
4667,3,4,1
4668,3,4,1
4669,4,1,3
4670,1,3,4
4671,4,5,15
4672,4,3,13
4673,4,14,15
4674,15,,
4675,1,2,9
4676,15,,
4677,15,,
4678,1,15,
4679,15,,
4680,1,7,8
4681,1,9,11
4682,1,4,9
4683,1,4,8
4684,3,4,2
4685,11,4,2
4686,1,4,8
4687,3,8,4
4688,3,13,11
4689,4,8,11
4690,1,4,2
4691,2,1,3
4692,1,4,2
4693,2,1,4
4694,2,1,4
4695,2,1,4
4696,1,2,3
4697,1,2,4
4698,1,15,
4699,1,15,
4700,15,,
4701,1,15,
4702,1,4,15
4703,1,2,15
4704,1,2,15
4705,1,2,15
4706,1,4,15
4707,1,14,3
4708,13,1,2
4709,1,2,3
4710,1,2,15
4711,4,14,3
4712,15,,
4713,3,4,14
4714,1,11,3
4715,4,15,
4716,1,3,4
4717,1,3,11
4718,1,4,3
4719,1,4,11
4720,13,5,11
4721,1,3,4
4722,1,3,14
4723,3,1,4
4724,1,6,15
4725,11,1,14
4726,2,14,13
4727,13,2,3
4728,3,4,1
4729,4,3,6
4730,6,1,8
4731,15,,
4732,15,,
4733,14,15,
4734,1,15,
4735,3,15,
4736,1,3,13
4737,1,13,14
4738,1,3,4
4739,1,13,2
4740,1,13,4
4741,14,1,13
4742,4,2,13
4743,1,4,6
4744,1,2,15
4745,4,2,1
4746,14,5,3
4747,1,3,4
4748,13,1,3
4749,13,4,9
4750,15,,
4751,1,4,7
4752,3,4,14
4753,7,2,3
4754,1,4,11
4755,4,14,3
4756,4,15,
4757,4,1,15
4758,4,6,2
4759,1,4,8
4760,1,4,6
4761,1,4,6
4762,1,3,15
4763,1,3,15
4764,1,4,15
4765,1,3,15
4766,1,3,8
4767,1,4,3
4768,1,4,15
4769,1,4,15
4770,15,,
4771,4,3,11
4772,1,11,13
4773,11,1,2
4774,2,1,3
4775,1,5,3
4776,1,11,13
4777,1,3,4
4778,4,15,
4779,11,10,3
4780,3,4,14
4781,1,3,2
4782,4,15,
4783,15,,
4784,13,14,2
4785,4,3,1
4786,4,3,1
4787,1,4,13
4788,1,3,4
4789,1,5,3
4790,1,2,3
4791,1,2,3
4792,1,2,14
4793,1,4,3
4794,1,2,4
4795,3,1,2
4796,1,3,2
4797,1,5,2
4798,1,4,3
4799,15,,
4800,1,3,4
4801,1,4,3
4802,4,3,14
4803,1,4,3
4804,1,3,4
4805,1,3,13
4806,1,3,11
4807,1,3,4
4808,1,3,4
4809,3,1,4
4810,1,4,10
4811,1,4,3
4812,1,4,3
4813,3,1,4
4814,1,4,9
4815,1,3,4
4816,4,1,10
4817,1,2,3
4818,1,2,3
4819,1,5,2
4820,1,2,4
4821,1,4,3
4822,1,3,2
4823,1,10,5
4824,1,3,9
4825,1,4,6
4826,3,4,2
4827,1,3,6
4828,1,3,5
4829,1,2,5
4830,13,1,4
4831,13,4,3
4832,3,13,1
4833,4,13,1
4834,1,4,3
4835,4,3,2
4836,3,4,1
4837,1,2,4
4838,1,4,3
4839,4,1,2
4840,1,2,4
4841,3,4,13
4842,3,13,6
4843,3,4,13
4844,13,14,3
4845,4,14,3
4846,15,,
4847,1,3,4
4848,1,4,3
4849,1,3,4
4850,1,3,4
4851,1,2,11
4852,1,2,3
4853,3,4,1
4854,3,4,9
4855,3,4,14
4856,4,1,9
4857,1,3,8
4858,1,2,15
4859,7,1,11
4860,1,4,6
4861,1,8,9
4862,6,1,5
4863,1,5,8
4864,1,6,3
4865,1,3,4
4866,1,15,
4867,1,15,
4868,1,15,
4869,1,2,15
4870,1,14,15
4871,4,1,5
4872,4,1,3
4873,3,4,1
4874,3,4,1
4875,4,1,3
4876,1,15,
4877,1,3,9
4878,4,13,15
4879,15,,
4880,1,3,11
4881,3,4,13
4882,4,6,1
4883,3,4,5
4884,4,1,13
4885,1,4,13
4886,1,2,3
4887,1,3,4
4888,1,2,3
4889,1,3,4
4890,1,4,3
4891,1,2,3
4892,1,5,4
4893,1,4,3
4894,1,2,4
4895,4,1,2
4896,1,4,3
4897,1,2,3
4898,1,4,3
4899,1,4,3
4900,4,5,1
4901,1,5,4
4902,15,,
4903,1,2,3
4904,2,4,5
4905,1,4,9
4906,1,6,11
4907,11,6,4
4908,14,3,11
4909,1,2,15
4910,3,4,1
4911,1,14,2
4912,1,2,4
4913,1,2,9
4914,1,2,4
4915,4,6,1
4916,13,3,9
4917,3,1,13
4918,13,1,4
4919,13,3,4
4920,1,2,15
4921,4,3,6
4922,2,4,1
4923,1,2,4
4924,1,2,4
4925,1,2,6
4926,1,4,3
4927,1,3,13
4928,4,3,1
4929,4,1,5
4930,13,4,3
4931,1,4,3
4932,13,4,3
4933,1,4,5
4934,1,6,14
4935,13,4,14
4936,4,13,3
4937,4,1,14
4938,3,1,4
4939,1,5,3
4940,1,5,15
4941,5,1,3
4942,4,1,15
4943,1,13,3
4944,2,7,11
4945,1,3,9
4946,4,5,1
4947,1,8,11
4948,1,4,5
4949,1,2,5
4950,2,15,
4951,1,4,5
4952,4,14,9
4953,1,2,15
4954,1,2,15
4955,1,2,4
4956,1,2,3
4957,1,2,4
4958,5,6,1
4959,3,4,15
4960,5,3,1
4961,4,1,3
4962,5,3,15
4963,4,3,2
4964,4,2,3
4965,3,1,15
4966,1,4,3
4967,3,1,5
4968,1,3,4
4969,1,3,4
4970,1,4,3
4971,1,4,2
4972,1,4,3
4973,1,4,10
4974,1,3,4
4975,1,2,4
4976,3,4,11
4977,3,4,11
4978,3,4,11
4979,1,4,3
4980,1,2,14
4981,1,4,2
4982,1,2,10
4983,1,4,2
4984,1,15,
4985,3,4,1
4986,9,1,15
4987,14,6,15
4988,1,15,
4989,4,1,6
4990,4,1,9
4991,1,4,2
4992,1,4,2
4993,1,4,2
4994,1,4,2
4995,1,2,6
4996,1,3,9
4997,1,4,3
